{
  "说明": "prefix-zero 三视图对照汇总；主比较为 response 相对 q1 的增量。",
  "strategy": "text_ridge",
  "views": [
    "response",
    "q1",
    "joint"
  ],
  "sample_sizes": {
    "1": {
      "views": {
        "response": {
          "roc_auc": 0.8130854754188024,
          "roc_auc_std": 0.017277730292662906,
          "ap": 0.5956180074601546,
          "ap_std": 0.055964429442755016,
          "top_precision": 0.5429522136222567,
          "top_precision_std": 0.024225143682423088,
          "top_recall": 0.7404093582921295,
          "top_recall_std": 0.021402792691334164,
          "max_f1": 0.665248696746911,
          "max_f1_std": 0.03672648373427512,
          "seeds": 5
        },
        "q1": {
          "roc_auc": 0.738054961215622,
          "roc_auc_std": 0.027677796531606697,
          "ap": 0.34280448429196075,
          "ap_std": 0.04960731416738374,
          "top_precision": 0.30939602064879085,
          "top_precision_std": 0.022292976797094976,
          "top_recall": 0.4230158466136822,
          "top_recall_std": 0.04380320096855645,
          "max_f1": 0.4063792825072484,
          "max_f1_std": 0.029547623372417904,
          "seeds": 5
        },
        "joint": {
          "roc_auc": 0.8344033905148303,
          "roc_auc_std": 0.014663496284393795,
          "ap": 0.6138448625934846,
          "ap_std": 0.0584181923384056,
          "top_precision": 0.5285944079413356,
          "top_precision_std": 0.030902172263458944,
          "top_recall": 0.7208039283613814,
          "top_recall_std": 0.03248003353291472,
          "max_f1": 0.6458006393490264,
          "max_f1_std": 0.039803281369688526,
          "seeds": 5
        }
      },
      "response_minus_q1": {
        "ap": 0.25281352316819383,
        "top_recall": 0.3173935116784473,
        "roc_auc": 0.07503051420318041
      },
      "joint_minus_best_single": {
        "ap": 0.01822685513333,
        "top_recall": -0.019605429930748097,
        "roc_auc": 0.021317915096027873
      }
    },
    "2": {
      "views": {
        "response": {
          "roc_auc": 0.810674728660296,
          "roc_auc_std": 0.051021440261418805,
          "ap": 0.3964357408083617,
          "ap_std": 0.074997101508695,
          "top_precision": 0.19054261296130498,
          "top_precision_std": 0.031966324956842054,
          "top_recall": 0.7368361120191784,
          "top_recall_std": 0.05577622646364209,
          "max_f1": 0.49520323947313283,
          "max_f1_std": 0.07435844257065255,
          "seeds": 5
        },
        "q1": {
          "roc_auc": 0.6801562805101942,
          "roc_auc_std": 0.04053457438953804,
          "ap": 0.14911229210536073,
          "ap_std": 0.04933929486061266,
          "top_precision": 0.08618665810563522,
          "top_precision_std": 0.03164924543902599,
          "top_recall": 0.32240056663397626,
          "top_recall_std": 0.06258802943426517,
          "max_f1": 0.1963524534361722,
          "max_f1_std": 0.0446696409839107,
          "seeds": 5
        },
        "joint": {
          "roc_auc": 0.8348401965549614,
          "roc_auc_std": 0.04137644170702283,
          "ap": 0.40382753237291336,
          "ap_std": 0.06011092104462808,
          "top_precision": 0.19054261296130498,
          "top_precision_std": 0.031966324956842054,
          "top_recall": 0.7368361120191784,
          "top_recall_std": 0.05577622646364209,
          "max_f1": 0.49302652650844686,
          "max_f1_std": 0.052159976099387224,
          "seeds": 5
        }
      },
      "response_minus_q1": {
        "ap": 0.24732344870300096,
        "top_recall": 0.41443554538520216,
        "roc_auc": 0.13051844815010183
      },
      "joint_minus_best_single": {
        "ap": 0.007391791564551664,
        "top_recall": 0.0,
        "roc_auc": 0.02416546789466545
      }
    },
    "4": {
      "views": {
        "response": {
          "roc_auc": 0.7641196136315195,
          "roc_auc_std": 0.12281120743713829,
          "ap": 0.11732909912503102,
          "ap_std": 0.07110099843287444,
          "top_precision": 0.04306937913345236,
          "top_precision_std": 0.015269552773348022,
          "top_recall": 0.6861111111111111,
          "top_recall_std": 0.1987615979999813,
          "max_f1": 0.25834405745360955,
          "max_f1_std": 0.10965295062538774,
          "seeds": 5
        },
        "q1": {
          "roc_auc": 0.5652194270029017,
          "roc_auc_std": 0.10298149616116367,
          "ap": 0.07282130914743083,
          "ap_std": 0.08407318672538726,
          "top_precision": 0.010848693640455655,
          "top_precision_std": 0.007772723166208724,
          "top_recall": 0.18722222222222223,
          "top_recall_std": 0.1888848038773963,
          "max_f1": 0.1526353722143196,
          "max_f1_std": 0.14463949807056606,
          "seeds": 5
        },
        "joint": {
          "roc_auc": 0.7712648593264533,
          "roc_auc_std": 0.11271336010797309,
          "ap": 0.12108235680075427,
          "ap_std": 0.06674711900764144,
          "top_precision": 0.040895466089974096,
          "top_precision_std": 0.013981874843706903,
          "top_recall": 0.6611111111111111,
          "top_recall_std": 0.21552405268078692,
          "max_f1": 0.26710899163729357,
          "max_f1_std": 0.11872050216157463,
          "seeds": 5
        }
      },
      "response_minus_q1": {
        "ap": 0.04450778997760019,
        "top_recall": 0.4988888888888889,
        "roc_auc": 0.19890018662861775
      },
      "joint_minus_best_single": {
        "ap": 0.003753257675723251,
        "top_recall": -0.025000000000000022,
        "roc_auc": 0.0071452456949337995
      }
    }
  }
}