{
  "说明": "prefix-zero 三视图对照汇总；主比较为 response 相对 q1 的增量。",
  "strategy": "text_ridge",
  "views": [
    "response",
    "q1",
    "joint"
  ],
  "sample_sizes": {
    "1": {
      "views": {
        "response": {
          "roc_auc": 0.7940149448336872,
          "roc_auc_std": 0.014077088820093278,
          "ap": 0.4787055409057757,
          "ap_std": 0.03738706131457283,
          "top_precision": 0.40877189052107116,
          "top_precision_std": 0.017361553345797455,
          "top_recall": 0.5173314230572295,
          "top_recall_std": 0.010498205318514387,
          "max_f1": 0.5142523876544212,
          "max_f1_std": 0.0244750950181449,
          "seeds": 5
        },
        "q1": {
          "roc_auc": 0.4853987182128658,
          "roc_auc_std": 0.0668148421438416,
          "ap": 0.21064250974649507,
          "ap_std": 0.057470156638099346,
          "top_precision": 0.17256328284446276,
          "top_precision_std": 0.11572582771727684,
          "top_recall": 0.21886760342405503,
          "top_recall_std": 0.1488984836971551,
          "max_f1": 0.32715161511247326,
          "max_f1_std": 0.06401333005317537,
          "seeds": 5
        },
        "joint": {
          "roc_auc": 0.8007337593161428,
          "roc_auc_std": 0.008827947776640258,
          "ap": 0.4686842991336498,
          "ap_std": 0.050310004408970314,
          "top_precision": 0.4186214768498709,
          "top_precision_std": 0.029444805753153898,
          "top_recall": 0.5297188907269552,
          "top_recall_std": 0.030024231702390117,
          "max_f1": 0.5198138086907783,
          "max_f1_std": 0.02820983002680683,
          "seeds": 5
        }
      },
      "response_minus_q1": {
        "ap": 0.26806303115928065,
        "top_recall": 0.2984638196331744,
        "roc_auc": 0.3086162266208214
      },
      "joint_minus_best_single": {
        "ap": -0.010021241772125933,
        "top_recall": 0.01238746766972576,
        "roc_auc": 0.006718814482455593
      }
    },
    "2": {
      "views": {
        "response": {
          "roc_auc": 0.7843478541566631,
          "roc_auc_std": 0.028246597220543287,
          "ap": 0.23700402922871863,
          "ap_std": 0.048585160523678644,
          "top_precision": 0.1814596304991324,
          "top_precision_std": 0.03909432657881113,
          "top_recall": 0.6028024606971976,
          "top_recall_std": 0.09863854847943467,
          "max_f1": 0.33437735437505883,
          "max_f1_std": 0.01677398343856026,
          "seeds": 5
        },
        "q1": {
          "roc_auc": 0.32805887624428964,
          "roc_auc_std": 0.016897299629386145,
          "ap": 0.04357989200168692,
          "ap_std": 0.008926601199271914,
          "top_precision": 0.0,
          "top_precision_std": 0.0,
          "top_recall": 0.0,
          "top_recall_std": 0.0,
          "max_f1": 0.12267003240355079,
          "max_f1_std": 0.021089528832963136,
          "seeds": 5
        },
        "joint": {
          "roc_auc": 0.787995455163528,
          "roc_auc_std": 0.029363684585444208,
          "ap": 0.22707626579459408,
          "ap_std": 0.052449553207805234,
          "top_precision": 0.18735817086863324,
          "top_precision_std": 0.03984556481603461,
          "top_recall": 0.6165524923419661,
          "top_recall_std": 0.05290404925706403,
          "max_f1": 0.3258735110171046,
          "max_f1_std": 0.028304589360628067,
          "seeds": 5
        }
      },
      "response_minus_q1": {
        "ap": 0.19342413722703172,
        "top_recall": 0.6028024606971976,
        "roc_auc": 0.45628897791237344
      },
      "joint_minus_best_single": {
        "ap": -0.009927763434124548,
        "top_recall": 0.013750031644768512,
        "roc_auc": 0.003647601006864898
      }
    },
    "4": {
      "views": {
        "response": {
          "roc_auc": 0.8349348810901936,
          "roc_auc_std": 0.0970258098564903,
          "ap": 0.16942141591402987,
          "ap_std": 0.15909745624816024,
          "top_precision": 0.05443517622590727,
          "top_precision_std": 0.023999832528215585,
          "top_recall": 0.7226190476190476,
          "top_recall_std": 0.1682324409708524,
          "max_f1": 0.2836103032387862,
          "max_f1_std": 0.18991942964601544,
          "seeds": 5
        },
        "q1": {
          "roc_auc": 0.31459122779318527,
          "roc_auc_std": 0.09873452430985681,
          "ap": 0.012471299529466866,
          "ap_std": 0.0041889118619967995,
          "top_precision": 0.0,
          "top_precision_std": 0.0,
          "top_recall": 0.0,
          "top_recall_std": 0.0,
          "max_f1": 0.0360860940818344,
          "max_f1_std": 0.013522682761450272,
          "seeds": 5
        },
        "joint": {
          "roc_auc": 0.8143426763152857,
          "roc_auc_std": 0.10504343848929878,
          "ap": 0.1499597672050834,
          "ap_std": 0.13677605389871067,
          "top_precision": 0.04972929387296608,
          "top_precision_std": 0.014827879381310796,
          "top_recall": 0.6892857142857143,
          "top_recall_std": 0.19626616662905838,
          "max_f1": 0.27184487734487733,
          "max_f1_std": 0.1694356633903098,
          "seeds": 5
        }
      },
      "response_minus_q1": {
        "ap": 0.156950116384563,
        "top_recall": 0.7226190476190476,
        "roc_auc": 0.5203436532970084
      },
      "joint_minus_best_single": {
        "ap": -0.019461648708946483,
        "top_recall": -0.033333333333333326,
        "roc_auc": -0.020592204774907974
      }
    }
  }
}