{
  "说明": "prefix-zero 三视图对照汇总；主比较为 response 相对 q1 的增量。",
  "strategy": "text_ridge",
  "views": [
    "response",
    "q1",
    "joint"
  ],
  "sample_sizes": {
    "1": {
      "views": {
        "response": {
          "roc_auc": 0.7903229688739977,
          "roc_auc_std": 0.027971731873088563,
          "ap": 0.30311546309363346,
          "ap_std": 0.046291686048475965,
          "top_precision": 0.31287000054859054,
          "top_precision_std": 0.04072016900609324,
          "top_recall": 0.49715787718914706,
          "top_recall_std": 0.04248193464633829,
          "max_f1": 0.47774403755726197,
          "max_f1_std": 0.03204542034498928,
          "seeds": 5
        },
        "q1": {
          "roc_auc": 0.4477375306937196,
          "roc_auc_std": 0.023524091474674633,
          "ap": 0.1293876320044034,
          "ap_std": 0.025116417942102755,
          "top_precision": 0.10420903877005772,
          "top_precision_std": 0.017930125920982098,
          "top_recall": 0.16544267343626742,
          "top_recall_std": 0.022888080954461074,
          "max_f1": 0.22733444538451883,
          "max_f1_std": 0.015985773943252308,
          "seeds": 5
        },
        "joint": {
          "roc_auc": 0.7378021873282906,
          "roc_auc_std": 0.02195749951117947,
          "ap": 0.2707881683459389,
          "ap_std": 0.02831570706286142,
          "top_precision": 0.2579657086935522,
          "top_precision_std": 0.04837549088831236,
          "top_recall": 0.4087070010317939,
          "top_recall_std": 0.05433234581102423,
          "max_f1": 0.40061795586770826,
          "max_f1_std": 0.03910363587055475,
          "seeds": 5
        }
      },
      "response_minus_q1": {
        "ap": 0.17372783108923007,
        "top_recall": 0.33171520375287966,
        "roc_auc": 0.3425854381802781
      },
      "joint_minus_best_single": {
        "ap": -0.03232729474769458,
        "top_recall": -0.08845087615735314,
        "roc_auc": -0.05252078154570705
      }
    },
    "2": {
      "views": {
        "response": {
          "roc_auc": 0.7694512582688968,
          "roc_auc_std": 0.030113144778456544,
          "ap": 0.12708718335661812,
          "ap_std": 0.018112586559994568,
          "top_precision": 0.16635828020809243,
          "top_precision_std": 0.022751629118451577,
          "top_recall": 0.6709658075304158,
          "top_recall_std": 0.08682537054317353,
          "max_f1": 0.2817509503838122,
          "max_f1_std": 0.0179970442016924,
          "seeds": 5
        },
        "q1": {
          "roc_auc": 0.44589918072409535,
          "roc_auc_std": 0.01873062040923562,
          "ap": 0.05693024884372584,
          "ap_std": 0.013384683380225667,
          "top_precision": 0.0377639587656157,
          "top_precision_std": 0.013302056351154397,
          "top_recall": 0.1514668742432105,
          "top_recall_std": 0.05761835358729955,
          "max_f1": 0.11365010207310293,
          "max_f1_std": 0.02102460425121222,
          "seeds": 5
        },
        "joint": {
          "roc_auc": 0.7289270131851546,
          "roc_auc_std": 0.05948492706590973,
          "ap": 0.11691551198350311,
          "ap_std": 0.018646085149146792,
          "top_precision": 0.16008469530243205,
          "top_precision_std": 0.021630879551411592,
          "top_recall": 0.6478763766361068,
          "top_recall_std": 0.10326417341083409,
          "max_f1": 0.2671667149168907,
          "max_f1_std": 0.02829733462479276,
          "seeds": 5
        }
      },
      "response_minus_q1": {
        "ap": 0.07015693451289227,
        "top_recall": 0.5194989332872053,
        "roc_auc": 0.3235520775448015
      },
      "joint_minus_best_single": {
        "ap": -0.010171671373115004,
        "top_recall": -0.023089430894309038,
        "roc_auc": -0.040524245083742194
      }
    },
    "4": {
      "views": {
        "response": {
          "roc_auc": 0.8043692655953553,
          "roc_auc_std": 0.08575564712423726,
          "ap": 0.04825761656346612,
          "ap_std": 0.004269389997727285,
          "top_precision": 0.041118341683942544,
          "top_precision_std": 0.0076344744268719775,
          "top_recall": 0.7845238095238095,
          "top_recall_std": 0.16734790855989243,
          "max_f1": 0.11945861134956397,
          "max_f1_std": 0.02016297581857634,
          "seeds": 5
        },
        "q1": {
          "roc_auc": 0.4810630476746467,
          "roc_auc_std": 0.08078148577997735,
          "ap": 0.01309909337914419,
          "ap_std": 0.0047134966719950214,
          "top_precision": 0.008460972650364319,
          "top_precision_std": 0.009218936454444016,
          "top_recall": 0.13611111111111113,
          "top_recall_std": 0.14447115137717603,
          "max_f1": 0.040821933977283266,
          "max_f1_std": 0.019963868164077987,
          "seeds": 5
        },
        "joint": {
          "roc_auc": 0.7938930432504476,
          "roc_auc_std": 0.11106418942868101,
          "ap": 0.05586000944343096,
          "ap_std": 0.015059345589457249,
          "top_precision": 0.035463989956027134,
          "top_precision_std": 0.008690285430596354,
          "top_recall": 0.6837301587301587,
          "top_recall_std": 0.2134186603026589,
          "max_f1": 0.15075271849411298,
          "max_f1_std": 0.03215296734642313,
          "seeds": 5
        }
      },
      "response_minus_q1": {
        "ap": 0.03515852318432193,
        "top_recall": 0.6484126984126983,
        "roc_auc": 0.32330621792070857
      },
      "joint_minus_best_single": {
        "ap": 0.0076023928799648435,
        "top_recall": -0.10079365079365077,
        "roc_auc": -0.010476222344907637
      }
    }
  }
}