{
  "说明": "prefix-zero 三视图对照汇总；主比较为 response 相对 q1 的增量。",
  "strategy": "text_ridge",
  "views": [
    "response",
    "q1",
    "joint"
  ],
  "sample_sizes": {
    "1": {
      "views": {
        "response": {
          "roc_auc": 0.787420392674476,
          "ap": 0.4142265700829836,
          "top_precision": 0.38963963963963966,
          "top_recall": 0.542319749216301,
          "max_f1": 0.46666666666666673
        },
        "q1": {
          "roc_auc": 0.5723420227685201,
          "ap": 0.21560524460884667,
          "top_precision": 0.240990990990991,
          "top_recall": 0.335423197492163,
          "max_f1": 0.30014025245441794
        },
        "joint": {
          "roc_auc": 0.7731034482758621,
          "ap": 0.4044571542932993,
          "top_precision": 0.3581081081081081,
          "top_recall": 0.49843260188087773,
          "max_f1": 0.43463497453310695
        }
      },
      "response_minus_q1": {
        "ap": 0.1986213254741369,
        "top_recall": 0.206896551724138,
        "roc_auc": 0.21507836990595597
      },
      "joint_minus_best_single": {
        "ap": -0.009769415789684266,
        "top_recall": -0.04388714733542326,
        "roc_auc": -0.014316944398613973
      }
    },
    "2": {
      "views": {
        "response": {
          "roc_auc": 0.7854378847626883,
          "ap": 0.1950466919787715,
          "top_precision": 0.16802168021680217,
          "top_recall": 0.6138613861386139,
          "max_f1": 0.2745995423340961
        },
        "q1": {
          "roc_auc": 0.5593009730772505,
          "ap": 0.06058447646289078,
          "top_precision": 0.06504065040650407,
          "top_recall": 0.2376237623762376,
          "max_f1": 0.12981744421906694
        },
        "joint": {
          "roc_auc": 0.7713864223098527,
          "ap": 0.20941824813931592,
          "top_precision": 0.15718157181571815,
          "top_recall": 0.5742574257425742,
          "max_f1": 0.27835051546391754
        }
      },
      "response_minus_q1": {
        "ap": 0.13446221551588072,
        "top_recall": 0.37623762376237624,
        "roc_auc": 0.2261369116854378
      },
      "joint_minus_best_single": {
        "ap": 0.014371556160544419,
        "top_recall": -0.03960396039603964,
        "roc_auc": -0.014051462452835617
      }
    },
    "4": {
      "views": {
        "response": {
          "roc_auc": 0.842421069587629,
          "ap": 0.14148680921949577,
          "top_precision": 0.041401273885350316,
          "top_recall": 0.8125,
          "max_f1": 0.2
        },
        "q1": {
          "roc_auc": 0.46879027061855666,
          "ap": 0.009447836504163438,
          "top_precision": 0.0031847133757961785,
          "top_recall": 0.0625,
          "max_f1": 0.023154848046309698
        },
        "joint": {
          "roc_auc": 0.8338031572164948,
          "ap": 0.18644459385492557,
          "top_precision": 0.041401273885350316,
          "top_recall": 0.8125,
          "max_f1": 0.26086956521739124
        }
      },
      "response_minus_q1": {
        "ap": 0.13203897271533233,
        "top_recall": 0.75,
        "roc_auc": 0.3736307989690723
      },
      "joint_minus_best_single": {
        "ap": 0.04495778463542979,
        "top_recall": 0.0,
        "roc_auc": -0.008617912371134184
      }
    }
  }
}