{
  "说明": "prefix-zero 三视图对照汇总；主比较为 response 相对 q1 的增量。",
  "strategy": "text_ridge",
  "views": [
    "response",
    "q1",
    "joint"
  ],
  "sample_sizes": {
    "1": {
      "views": {
        "response": {
          "roc_auc": 0.7966179874024546,
          "roc_auc_std": 0.011720857636347524,
          "ap": 0.4574183044126986,
          "ap_std": 0.025455335340688494,
          "top_precision": 0.39622789049269896,
          "top_precision_std": 0.006871607490419107,
          "top_recall": 0.5617677566945406,
          "top_recall_std": 0.014775238056888577,
          "max_f1": 0.47822416252403466,
          "max_f1_std": 0.011973583655944139,
          "seeds": 5
        },
        "q1": {
          "roc_auc": 0.5835650074013475,
          "roc_auc_std": 0.022529881304548215,
          "ap": 0.22983013988453252,
          "ap_std": 0.020971617978767315,
          "top_precision": 0.24070133126652243,
          "top_precision_std": 0.02184230440991727,
          "top_recall": 0.3411894555032197,
          "top_recall_std": 0.03074536325244442,
          "max_f1": 0.29691788523778456,
          "max_f1_std": 0.020828448711082147,
          "seeds": 5
        },
        "joint": {
          "roc_auc": 0.7792081253531011,
          "roc_auc_std": 0.007380193095422286,
          "ap": 0.4418223695736249,
          "ap_std": 0.02888464034301181,
          "top_precision": 0.3518810737925058,
          "top_precision_std": 0.008924550188280917,
          "top_recall": 0.4989183970565122,
          "top_recall_std": 0.017176125589501375,
          "max_f1": 0.44534743950355765,
          "max_f1_std": 0.015156722517312112,
          "seeds": 5
        }
      },
      "response_minus_q1": {
        "ap": 0.22758816452816608,
        "top_recall": 0.22057830119132088,
        "roc_auc": 0.21305298000110706
      },
      "joint_minus_best_single": {
        "ap": -0.015595934839073677,
        "top_recall": -0.0628493596380284,
        "roc_auc": -0.017409862049353464
      }
    },
    "2": {
      "views": {
        "response": {
          "roc_auc": 0.7763959010131292,
          "roc_auc_std": 0.021748089773695953,
          "ap": 0.21086522244050396,
          "ap_std": 0.023387530738311596,
          "top_precision": 0.16023407994547426,
          "top_precision_std": 0.010934219148001318,
          "top_recall": 0.5978108007956581,
          "top_recall_std": 0.03730666091731674,
          "max_f1": 0.27902828914604433,
          "max_f1_std": 0.01823174784854461,
          "seeds": 5
        },
        "q1": {
          "roc_auc": 0.5051128919321319,
          "roc_auc_std": 0.041108977734170576,
          "ap": 0.056775456919497945,
          "ap_std": 0.007747973298617482,
          "top_precision": 0.049591521194256416,
          "top_precision_std": 0.013673708832147214,
          "top_recall": 0.18298439087606239,
          "top_recall_std": 0.03933561597149209,
          "max_f1": 0.11608515939404802,
          "max_f1_std": 0.012144003267417337,
          "seeds": 5
        },
        "joint": {
          "roc_auc": 0.7534846119193314,
          "roc_auc_std": 0.02298046544046458,
          "ap": 0.2074587255896651,
          "ap_std": 0.03467724749413209,
          "top_precision": 0.1472376450163776,
          "top_precision_std": 0.01777455376458434,
          "top_recall": 0.5465318962406907,
          "top_recall_std": 0.018692496807265663,
          "max_f1": 0.2799990173276431,
          "max_f1_std": 0.03422316065186624,
          "seeds": 5
        }
      },
      "response_minus_q1": {
        "ap": 0.154089765521006,
        "top_recall": 0.4148264099195957,
        "roc_auc": 0.27128300908099723
      },
      "joint_minus_best_single": {
        "ap": -0.0034064968508388527,
        "top_recall": -0.05127890455496742,
        "roc_auc": -0.022911289093797804
      }
    },
    "4": {
      "views": {
        "response": {
          "roc_auc": 0.7843132576744052,
          "roc_auc_std": 0.06492358388782364,
          "ap": 0.06858734162144445,
          "ap_std": 0.04195442055884172,
          "top_precision": 0.04525003732506037,
          "top_precision_std": 0.011092160452497075,
          "top_recall": 0.7097893772893773,
          "top_recall_std": 0.11382056526406124,
          "max_f1": 0.14040450460984982,
          "max_f1_std": 0.0402313470462441,
          "seeds": 5
        },
        "q1": {
          "roc_auc": 0.47012959144974015,
          "roc_auc_std": 0.029316237572543,
          "ap": 0.011828490935447546,
          "ap_std": 0.003146638824861529,
          "top_precision": 0.005017894006494097,
          "top_precision_std": 0.004193901519250104,
          "top_recall": 0.0701007326007326,
          "top_recall_std": 0.05133680358135787,
          "max_f1": 0.030128999471652873,
          "max_f1_std": 0.007153671205224571,
          "seeds": 5
        },
        "joint": {
          "roc_auc": 0.7689907299280309,
          "roc_auc_std": 0.07032674821689744,
          "ap": 0.07347591531224218,
          "ap_std": 0.06338826736780018,
          "top_precision": 0.043373053547948744,
          "top_precision_std": 0.009670158912539199,
          "top_recall": 0.6842399267399267,
          "top_recall_std": 0.11336960461398853,
          "max_f1": 0.14294678542758552,
          "max_f1_std": 0.06762605950102295,
          "seeds": 5
        }
      },
      "response_minus_q1": {
        "ap": 0.0567588506859969,
        "top_recall": 0.6396886446886447,
        "roc_auc": 0.31418366622466504
      },
      "joint_minus_best_single": {
        "ap": 0.004888573690797732,
        "top_recall": -0.02554945054945057,
        "roc_auc": -0.015322527746374326
      }
    }
  }
}