{
  "说明": "基线先使用长度/拒绝/格式手工特征；文本模型只拟合训练残差。",
  "scores": "outputs/alternative_asr/all_14_datasets/alternative_asr_scores.jsonl",
  "sample_size": 1,
  "targets": [
    "asr",
    "hazard_weighted_asr",
    "alr"
  ],
  "text_cleaning": "mask_refusal_hazard_terms",
  "feature_set": "长度拒绝格式",
  "train_datasets": [
    "hb-qwen-ofa"
  ],
  "test_datasets": [
    "hb-qwen-ofa"
  ],
  "train_records": 1500,
  "test_records": 700,
  "results": {
    "asr": {
      "仅长度格式基线": {
        "合并": {
          "n": 700,
          "pearson": 0.8858820097456578,
          "spearman": 0.7706734281069287,
          "mae": 0.1502476543017796,
          "r2": 0.7533976056909687,
          "同题序关系准确率": 0.624805892009406,
          "按问题宏平均序准确率": 0.6358901721250669
        },
        "hb-qwen-ofa": {
          "n": 700,
          "pearson": 0.8858820097456578,
          "spearman": 0.7706734281069287,
          "mae": 0.1502476543017796,
          "r2": 0.7533976056909687,
          "同题序关系准确率": 0.624805892009406,
          "按问题宏平均序准确率": 0.6358901721250669
        }
      },
      "仅response文本": {
        "合并": {
          "n": 700,
          "pearson": 0.9197562123044591,
          "spearman": 0.8324544472588185,
          "mae": 0.13296378224623331,
          "r2": 0.8191682676674359,
          "同题序关系准确率": 0.698899684990461,
          "按问题宏平均序准确率": 0.6958402802761795
        },
        "hb-qwen-ofa": {
          "n": 700,
          "pearson": 0.9197562123044591,
          "spearman": 0.8324544472588185,
          "mae": 0.13296378224623331,
          "r2": 0.8191682676674359,
          "同题序关系准确率": 0.698899684990461,
          "按问题宏平均序准确率": 0.6958402802761795
        }
      },
      "长度格式基线_plus_文本残差": {
        "合并": {
          "n": 700,
          "pearson": 0.8978940537507443,
          "spearman": 0.7969503038312157,
          "mae": 0.1370280710846606,
          "r2": 0.7837200118722223,
          "同题序关系准确率": 0.6474777053107946,
          "按问题宏平均序准确率": 0.6546615768727035
        },
        "hb-qwen-ofa": {
          "n": 700,
          "pearson": 0.8978940537507443,
          "spearman": 0.7969503038312157,
          "mae": 0.1370280710846606,
          "r2": 0.7837200118722223,
          "同题序关系准确率": 0.6474777053107946,
          "按问题宏平均序准确率": 0.6546615768727035
        }
      },
      "残差本身": {
        "合并": {
          "n": 700,
          "pearson": 0.44026498228040056,
          "spearman": 0.4958238468310094,
          "mae": 0.1370280710846606,
          "r2": 0.0297459801982618,
          "同题序关系准确率": 0.6370037931422992,
          "按问题宏平均序准确率": 0.6715520340408911
        },
        "hb-qwen-ofa": {
          "n": 700,
          "pearson": 0.44026498228040056,
          "spearman": 0.4958238468310094,
          "mae": 0.1370280710846606,
          "r2": 0.0297459801982618,
          "同题序关系准确率": 0.6370037931422992,
          "按问题宏平均序准确率": 0.6715520340408911
        }
      }
    },
    "hazard_weighted_asr": {
      "仅长度格式基线": {
        "合并": {
          "n": 700,
          "pearson": 0.7768974640972383,
          "spearman": 0.7702011955197966,
          "mae": 0.1654171941279679,
          "r2": 0.5547710178621916,
          "同题序关系准确率": 0.6091719492868463,
          "按问题宏平均序准确率": 0.6220588584446621
        },
        "hb-qwen-ofa": {
          "n": 700,
          "pearson": 0.7768974640972383,
          "spearman": 0.7702011955197966,
          "mae": 0.1654171941279679,
          "r2": 0.5547710178621916,
          "同题序关系准确率": 0.6091719492868463,
          "按问题宏平均序准确率": 0.6220588584446621
        }
      },
      "仅response文本": {
        "合并": {
          "n": 700,
          "pearson": 0.8443284873646697,
          "spearman": 0.8730270790805263,
          "mae": 0.14760329775738248,
          "r2": 0.6641218370511193,
          "同题序关系准确率": 0.6985142630744849,
          "按问题宏平均序准确率": 0.6936160043254435
        },
        "hb-qwen-ofa": {
          "n": 700,
          "pearson": 0.8443284873646697,
          "spearman": 0.8730270790805263,
          "mae": 0.14760329775738248,
          "r2": 0.6641218370511193,
          "同题序关系准确率": 0.6985142630744849,
          "按问题宏平均序准确率": 0.6936160043254435
        }
      },
      "长度格式基线_plus_文本残差": {
        "合并": {
          "n": 700,
          "pearson": 0.8099637385439704,
          "spearman": 0.8115447683889683,
          "mae": 0.15324941574720982,
          "r2": 0.6128058224934703,
          "同题序关系准确率": 0.6385301109350238,
          "按问题宏平均序准确率": 0.6451958248268885
        },
        "hb-qwen-ofa": {
          "n": 700,
          "pearson": 0.8099637385439704,
          "spearman": 0.8115447683889683,
          "mae": 0.15324941574720982,
          "r2": 0.6128058224934703,
          "同题序关系准确率": 0.6385301109350238,
          "按问题宏平均序准确率": 0.6451958248268885
        }
      },
      "残差本身": {
        "合并": {
          "n": 700,
          "pearson": 0.5457967313805485,
          "spearman": 0.5159732929642024,
          "mae": 0.15324941574720977,
          "r2": 0.05255903303998544,
          "同题序关系准确率": 0.6520147207931203,
          "按问题宏平均序准确率": 0.6826086825169592
        },
        "hb-qwen-ofa": {
          "n": 700,
          "pearson": 0.5457967313805485,
          "spearman": 0.5159732929642024,
          "mae": 0.15324941574720977,
          "r2": 0.05255903303998544,
          "同题序关系准确率": 0.6520147207931203,
          "按问题宏平均序准确率": 0.6826086825169592
        }
      }
    },
    "alr": {
      "仅长度格式基线": {
        "合并": {
          "n": 700,
          "pearson": 0.9678225927134144,
          "spearman": 0.8383906376356924,
          "mae": 0.060154324650764465,
          "r2": 0.9331005384182424,
          "同题序关系准确率": 0.8422178488919312,
          "按问题宏平均序准确率": 0.808256021952108
        },
        "hb-qwen-ofa": {
          "n": 700,
          "pearson": 0.9678225927134144,
          "spearman": 0.8383906376356924,
          "mae": 0.060154324650764465,
          "r2": 0.9331005384182424,
          "同题序关系准确率": 0.8422178488919312,
          "按问题宏平均序准确率": 0.808256021952108
        }
      },
      "仅response文本": {
        "合并": {
          "n": 700,
          "pearson": 0.9669918693054047,
          "spearman": 0.8515038579886942,
          "mae": 0.07074382068572038,
          "r2": 0.9303813758847639,
          "同题序关系准确率": 0.8520578420467185,
          "按问题宏平均序准确率": 0.8199995423910655
        },
        "hb-qwen-ofa": {
          "n": 700,
          "pearson": 0.9669918693054047,
          "spearman": 0.8515038579886942,
          "mae": 0.07074382068572038,
          "r2": 0.9303813758847639,
          "同题序关系准确率": 0.8520578420467185,
          "按问题宏平均序准确率": 0.8199995423910655
        }
      },
      "长度格式基线_plus_文本残差": {
        "合并": {
          "n": 700,
          "pearson": 0.9686179591717639,
          "spearman": 0.8496495587643614,
          "mae": 0.05919486109509202,
          "r2": 0.9361481499678675,
          "同题序关系准确率": 0.8553948832035595,
          "按问题宏平均序准确率": 0.8233269433745806
        },
        "hb-qwen-ofa": {
          "n": 700,
          "pearson": 0.9686179591717639,
          "spearman": 0.8496495587643614,
          "mae": 0.05919486109509202,
          "r2": 0.9361481499678675,
          "同题序关系准确率": 0.8553948832035595,
          "按问题宏平均序准确率": 0.8233269433745806
        }
      },
      "残差本身": {
        "合并": {
          "n": 700,
          "pearson": 0.16878056062740326,
          "spearman": 0.17357118563531657,
          "mae": 0.059194861095092026,
          "r2": 0.004803111103023672,
          "同题序关系准确率": 0.5258527047577667,
          "按问题宏平均序准确率": 0.5442183436758387
        },
        "hb-qwen-ofa": {
          "n": 700,
          "pearson": 0.16878056062740326,
          "spearman": 0.17357118563531657,
          "mae": 0.059194861095092026,
          "r2": 0.004803111103023672,
          "同题序关系准确率": 0.5258527047577667,
          "按问题宏平均序准确率": 0.5442183436758387
        }
      }
    }
  }
}