{
  "说明": "基线先使用长度/拒绝/格式手工特征；文本模型只拟合训练残差。",
  "scores": "outputs/alternative_asr/all_14_datasets/alternative_asr_scores.jsonl",
  "sample_size": 1,
  "targets": [
    "asr",
    "hazard_weighted_asr",
    "alr"
  ],
  "text_cleaning": "mask_refusal_hazard_terms",
  "feature_set": "长度拒绝格式",
  "train_datasets": [
    "hb-llama-ofa"
  ],
  "test_datasets": [
    "hb-llama-ofa"
  ],
  "train_records": 1500,
  "test_records": 700,
  "results": {
    "asr": {
      "仅长度格式基线": {
        "合并": {
          "n": 700,
          "pearson": 0.8635834711411112,
          "spearman": 0.725752603332601,
          "mae": 0.19397617917401452,
          "r2": 0.690661409368539,
          "同题序关系准确率": 0.6421201567261645,
          "按问题宏平均序准确率": 0.6545526825728482
        },
        "hb-llama-ofa": {
          "n": 700,
          "pearson": 0.8635834711411112,
          "spearman": 0.725752603332601,
          "mae": 0.19397617917401452,
          "r2": 0.690661409368539,
          "同题序关系准确率": 0.6421201567261645,
          "按问题宏平均序准确率": 0.6545526825728482
        }
      },
      "仅response文本": {
        "合并": {
          "n": 700,
          "pearson": 0.9190705117502462,
          "spearman": 0.7703303650966808,
          "mae": 0.18571258110257027,
          "r2": 0.7312101590301399,
          "同题序关系准确率": 0.6589246843709186,
          "按问题宏平均序准确率": 0.6791415645511885
        },
        "hb-llama-ofa": {
          "n": 700,
          "pearson": 0.9190705117502462,
          "spearman": 0.7703303650966808,
          "mae": 0.18571258110257027,
          "r2": 0.7312101590301399,
          "同题序关系准确率": 0.6589246843709186,
          "按问题宏平均序准确率": 0.6791415645511885
        }
      },
      "长度格式基线_plus_文本残差": {
        "合并": {
          "n": 700,
          "pearson": 0.8879254649321214,
          "spearman": 0.7750097570402484,
          "mae": 0.16981308272147894,
          "r2": 0.7486080163278066,
          "同题序关系准确率": 0.661427949499347,
          "按问题宏平均序准确率": 0.6814901747426354
        },
        "hb-llama-ofa": {
          "n": 700,
          "pearson": 0.8879254649321214,
          "spearman": 0.7750097570402484,
          "mae": 0.16981308272147894,
          "r2": 0.7486080163278066,
          "同题序关系准确率": 0.661427949499347,
          "按问题宏平均序准确率": 0.6814901747426354
        }
      },
      "残差本身": {
        "合并": {
          "n": 700,
          "pearson": 0.5157144108174128,
          "spearman": 0.4586474677654278,
          "mae": 0.16981308272147894,
          "r2": 0.12226347068459564,
          "同题序关系准确率": 0.6340346065186309,
          "按问题宏平均序准确率": 0.6355967598326456
        },
        "hb-llama-ofa": {
          "n": 700,
          "pearson": 0.5157144108174128,
          "spearman": 0.4586474677654278,
          "mae": 0.16981308272147894,
          "r2": 0.12226347068459564,
          "同题序关系准确率": 0.6340346065186309,
          "按问题宏平均序准确率": 0.6355967598326456
        }
      }
    },
    "hazard_weighted_asr": {
      "仅长度格式基线": {
        "合并": {
          "n": 700,
          "pearson": 0.7803913995898657,
          "spearman": 0.7093283829669871,
          "mae": 0.22191194316120005,
          "r2": 0.46752726166313774,
          "同题序关系准确率": 0.6171399957078475,
          "按问题宏平均序准确率": 0.637325877337814
        },
        "hb-llama-ofa": {
          "n": 700,
          "pearson": 0.7803913995898657,
          "spearman": 0.7093283829669871,
          "mae": 0.22191194316120005,
          "r2": 0.46752726166313774,
          "同题序关系准确率": 0.6171399957078475,
          "按问题宏平均序准确率": 0.637325877337814
        }
      },
      "仅response文本": {
        "合并": {
          "n": 700,
          "pearson": 0.8761265244180798,
          "spearman": 0.8245215435656308,
          "mae": 0.21133058535372093,
          "r2": 0.5351768562965586,
          "同题序关系准确率": 0.6490092281279062,
          "按问题宏平均序准确率": 0.675516375698593
        },
        "hb-llama-ofa": {
          "n": 700,
          "pearson": 0.8761265244180798,
          "spearman": 0.8245215435656308,
          "mae": 0.21133058535372093,
          "r2": 0.5351768562965586,
          "同题序关系准确率": 0.6490092281279062,
          "按问题宏平均序准确率": 0.675516375698593
        }
      },
      "长度格式基线_plus_文本残差": {
        "合并": {
          "n": 700,
          "pearson": 0.8318726982959688,
          "spearman": 0.7877396477626788,
          "mae": 0.1967493262862232,
          "r2": 0.5757779864552356,
          "同题序关系准确率": 0.6357929751770512,
          "按问题宏平均序准确率": 0.6607112928588545
        },
        "hb-llama-ofa": {
          "n": 700,
          "pearson": 0.8318726982959688,
          "spearman": 0.7877396477626788,
          "mae": 0.1967493262862232,
          "r2": 0.5757779864552356,
          "同题序关系准确率": 0.6357929751770512,
          "按问题宏平均序准确率": 0.6607112928588545
        }
      },
      "残差本身": {
        "合并": {
          "n": 700,
          "pearson": 0.6070640505336987,
          "spearman": 0.5853590553176135,
          "mae": 0.1967493262862232,
          "r2": 0.023622325964514745,
          "同题序关系准确率": 0.6432426912528447,
          "按问题宏平均序准确率": 0.6444841419658535
        },
        "hb-llama-ofa": {
          "n": 700,
          "pearson": 0.6070640505336987,
          "spearman": 0.5853590553176135,
          "mae": 0.1967493262862232,
          "r2": 0.023622325964514745,
          "同题序关系准确率": 0.6432426912528447,
          "按问题宏平均序准确率": 0.6444841419658535
        }
      }
    },
    "alr": {
      "仅长度格式基线": {
        "合并": {
          "n": 700,
          "pearson": 0.9223959044498444,
          "spearman": 0.7501607851093464,
          "mae": 0.11740567956651961,
          "r2": 0.8295023916028497,
          "同题序关系准确率": 0.7841997264021888,
          "按问题宏平均序准确率": 0.8081646063985971
        },
        "hb-llama-ofa": {
          "n": 700,
          "pearson": 0.9223959044498444,
          "spearman": 0.7501607851093464,
          "mae": 0.11740567956651961,
          "r2": 0.8295023916028497,
          "同题序关系准确率": 0.7841997264021888,
          "按问题宏平均序准确率": 0.8081646063985971
        }
      },
      "仅response文本": {
        "合并": {
          "n": 700,
          "pearson": 0.9518875002119425,
          "spearman": 0.834145433996664,
          "mae": 0.10206955877263411,
          "r2": 0.8693799791958915,
          "同题序关系准确率": 0.8368245554035568,
          "按问题宏平均序准确率": 0.8474428971848736
        },
        "hb-llama-ofa": {
          "n": 700,
          "pearson": 0.9518875002119425,
          "spearman": 0.834145433996664,
          "mae": 0.10206955877263411,
          "r2": 0.8693799791958915,
          "同题序关系准确率": 0.8368245554035568,
          "按问题宏平均序准确率": 0.8474428971848736
        }
      },
      "长度格式基线_plus_文本残差": {
        "合并": {
          "n": 700,
          "pearson": 0.9407429808989577,
          "spearman": 0.8210634186943185,
          "mae": 0.10391875465033987,
          "r2": 0.871190788973983,
          "同题序关系准确率": 0.8204941860465116,
          "按问题宏平均序准确率": 0.842678002875497
        },
        "hb-llama-ofa": {
          "n": 700,
          "pearson": 0.9407429808989577,
          "spearman": 0.8210634186943185,
          "mae": 0.10391875465033987,
          "r2": 0.871190788973983,
          "同题序关系准确率": 0.8204941860465116,
          "按问题宏平均序准确率": 0.842678002875497
        }
      },
      "残差本身": {
        "合并": {
          "n": 700,
          "pearson": 0.4788271296963409,
          "spearman": 0.3736488460211473,
          "mae": 0.10391875465033987,
          "r2": 0.1894873204347779,
          "同题序关系准确率": 0.6243799241318938,
          "按问题宏平均序准确率": 0.6249188919697553
        },
        "hb-llama-ofa": {
          "n": 700,
          "pearson": 0.4788271296963409,
          "spearman": 0.3736488460211473,
          "mae": 0.10391875465033987,
          "r2": 0.1894873204347779,
          "同题序关系准确率": 0.6243799241318938,
          "按问题宏平均序准确率": 0.6249188919697553
        }
      }
    }
  }
}