{
  "说明": "基线先使用长度/拒绝/格式手工特征；文本模型只拟合训练残差。",
  "scores": "outputs/alternative_asr/all_14_datasets/alternative_asr_scores.jsonl",
  "sample_size": 1,
  "targets": [
    "asr",
    "hazard_weighted_asr",
    "alr"
  ],
  "text_cleaning": "mask_refusal_hazard_terms",
  "feature_set": "长度拒绝格式",
  "train_datasets": [
    "hb-4omini-ofa"
  ],
  "test_datasets": [
    "hb-deepseek-ofa"
  ],
  "train_records": 1500,
  "test_records": 700,
  "results": {
    "asr": {
      "仅长度格式基线": {
        "合并": {
          "n": 700,
          "pearson": 0.6115725623857471,
          "spearman": 0.4167327589130753,
          "mae": 0.3614550190142223,
          "r2": -1.3975399453878516,
          "同题序关系准确率": 0.5962077138547727,
          "按问题宏平均序准确率": 0.6021284273695808
        },
        "hb-deepseek-ofa": {
          "n": 700,
          "pearson": 0.6115725623857471,
          "spearman": 0.4167327589130753,
          "mae": 0.3614550190142223,
          "r2": -1.3975399453878516,
          "同题序关系准确率": 0.5962077138547727,
          "按问题宏平均序准确率": 0.6021284273695808
        }
      },
      "仅response文本": {
        "合并": {
          "n": 700,
          "pearson": 0.2263554802956152,
          "spearman": 0.363775228169848,
          "mae": 0.2391041726255063,
          "r2": -0.1380300318865777,
          "同题序关系准确率": 0.5853803059685413,
          "按问题宏平均序准确率": 0.5728731453181686
        },
        "hb-deepseek-ofa": {
          "n": 700,
          "pearson": 0.2263554802956152,
          "spearman": 0.363775228169848,
          "mae": 0.2391041726255063,
          "r2": -0.1380300318865777,
          "同题序关系准确率": 0.5853803059685413,
          "按问题宏平均序准确率": 0.5728731453181686
        }
      },
      "长度格式基线_plus_文本残差": {
        "合并": {
          "n": 700,
          "pearson": 0.6152659028604655,
          "spearman": 0.4469009417767523,
          "mae": 0.35203804526876603,
          "r2": -1.337247928016367,
          "同题序关系准确率": 0.59469941822883,
          "按问题宏平均序准确率": 0.6018474453010249
        },
        "hb-deepseek-ofa": {
          "n": 700,
          "pearson": 0.6152659028604655,
          "spearman": 0.4469009417767523,
          "mae": 0.35203804526876603,
          "r2": -1.337247928016367,
          "同题序关系准确率": 0.59469941822883,
          "按问题宏平均序准确率": 0.6018474453010249
        }
      },
      "残差本身": {
        "合并": {
          "n": 700,
          "pearson": -0.04455782146528231,
          "spearman": -0.04712630025775563,
          "mae": 0.35203804526876603,
          "r2": -2.3575899989979523,
          "同题序关系准确率": 0.591919191919192,
          "按问题宏平均序准确率": 0.5919191919191918
        },
        "hb-deepseek-ofa": {
          "n": 700,
          "pearson": -0.04455782146528231,
          "spearman": -0.04712630025775563,
          "mae": 0.35203804526876603,
          "r2": -2.3575899989979523,
          "同题序关系准确率": 0.591919191919192,
          "按问题宏平均序准确率": 0.5919191919191918
        }
      }
    },
    "hazard_weighted_asr": {
      "仅长度格式基线": {
        "合并": {
          "n": 700,
          "pearson": 0.5405644732192166,
          "spearman": 0.49712857464763544,
          "mae": 0.4026545385103298,
          "r2": -1.1654754116326833,
          "同题序关系准确率": 0.5930145464579966,
          "按问题宏平均序准确率": 0.5919522580718868
        },
        "hb-deepseek-ofa": {
          "n": 700,
          "pearson": 0.5405644732192166,
          "spearman": 0.49712857464763544,
          "mae": 0.4026545385103298,
          "r2": -1.1654754116326833,
          "同题序关系准确率": 0.5930145464579966,
          "按问题宏平均序准确率": 0.5919522580718868
        }
      },
      "仅response文本": {
        "合并": {
          "n": 700,
          "pearson": 0.38963004833575143,
          "spearman": 0.5537639119144451,
          "mae": 0.31853041327283593,
          "r2": -0.24759122558933,
          "同题序关系准确率": 0.5978239444948161,
          "按问题宏平均序准确率": 0.6196351915788131
        },
        "hb-deepseek-ofa": {
          "n": 700,
          "pearson": 0.38963004833575143,
          "spearman": 0.5537639119144451,
          "mae": 0.31853041327283593,
          "r2": -0.24759122558933,
          "同题序关系准确率": 0.5978239444948161,
          "按问题宏平均序准确率": 0.6196351915788131
        }
      },
      "长度格式基线_plus_文本残差": {
        "合并": {
          "n": 700,
          "pearson": 0.5910817728424758,
          "spearman": 0.5770394082094367,
          "mae": 0.386595961806852,
          "r2": -0.9923483777629754,
          "同题序关系准确率": 0.5952615602948713,
          "按问题宏平均序准确率": 0.6026523920888968
        },
        "hb-deepseek-ofa": {
          "n": 700,
          "pearson": 0.5910817728424758,
          "spearman": 0.5770394082094367,
          "mae": 0.386595961806852,
          "r2": -0.9923483777629754,
          "同题序关系准确率": 0.5952615602948713,
          "按问题宏平均序准确率": 0.6026523920888968
        }
      },
      "残差本身": {
        "合并": {
          "n": 700,
          "pearson": 0.24496593896500152,
          "spearman": 0.28894593079344477,
          "mae": 0.386595961806852,
          "r2": -1.7612911252328516,
          "同题序关系准确率": 0.5931313131313132,
          "按问题宏平均序准确率": 0.5931313131313131
        },
        "hb-deepseek-ofa": {
          "n": 700,
          "pearson": 0.24496593896500152,
          "spearman": 0.28894593079344477,
          "mae": 0.386595961806852,
          "r2": -1.7612911252328516,
          "同题序关系准确率": 0.5931313131313132,
          "按问题宏平均序准确率": 0.5931313131313131
        }
      }
    },
    "alr": {
      "仅长度格式基线": {
        "合并": {
          "n": 700,
          "pearson": -0.025365935593981887,
          "spearman": 0.07463339504724999,
          "mae": 0.10875841684000834,
          "r2": -512.4933106476079,
          "同题序关系准确率": 0.5340179717586649,
          "按问题宏平均序准确率": 0.5703237732495942
        },
        "hb-deepseek-ofa": {
          "n": 700,
          "pearson": -0.025365935593981887,
          "spearman": 0.07463339504724999,
          "mae": 0.10875841684000834,
          "r2": -512.4933106476079,
          "同题序关系准确率": 0.5340179717586649,
          "按问题宏平均序准确率": 0.5703237732495942
        }
      },
      "仅response文本": {
        "合并": {
          "n": 700,
          "pearson": 0.06348710267906885,
          "spearman": 0.0742730051435406,
          "mae": 0.033082221820232564,
          "r2": -15.013122359714295,
          "同题序关系准确率": 0.5661103979460848,
          "按问题宏平均序准确率": 0.5705981626528628
        },
        "hb-deepseek-ofa": {
          "n": 700,
          "pearson": 0.06348710267906885,
          "spearman": 0.0742730051435406,
          "mae": 0.033082221820232564,
          "r2": -15.013122359714295,
          "同题序关系准确率": 0.5661103979460848,
          "按问题宏平均序准确率": 0.5705981626528628
        }
      },
      "长度格式基线_plus_文本残差": {
        "合并": {
          "n": 700,
          "pearson": -0.022692242928666853,
          "spearman": 0.07339184090230648,
          "mae": 0.11383207966619369,
          "r2": -522.0253199838507,
          "同题序关系准确率": 0.5109114249037228,
          "按问题宏平均序准确率": 0.5690945087229506
        },
        "hb-deepseek-ofa": {
          "n": 700,
          "pearson": -0.022692242928666853,
          "spearman": 0.07339184090230648,
          "mae": 0.11383207966619369,
          "r2": -522.0253199838507,
          "同题序关系准确率": 0.5109114249037228,
          "按问题宏平均序准确率": 0.5690945087229506
        }
      },
      "残差本身": {
        "合并": {
          "n": 700,
          "pearson": -0.04482177871267973,
          "spearman": -0.09281693577800304,
          "mae": 0.11383207966619369,
          "r2": -0.15122839263773535,
          "同题序关系准确率": 0.48054834054834056,
          "按问题宏平均序准确率": 0.48054834054834056
        },
        "hb-deepseek-ofa": {
          "n": 700,
          "pearson": -0.04482177871267973,
          "spearman": -0.09281693577800304,
          "mae": 0.11383207966619369,
          "r2": -0.15122839263773535,
          "同题序关系准确率": 0.48054834054834056,