{
  "说明": "基线先使用长度/拒绝/格式手工特征；文本模型只拟合训练残差。",
  "scores": "outputs/alternative_asr/all_14_datasets/alternative_asr_scores.jsonl",
  "sample_size": 1,
  "targets": [
    "asr",
    "hazard_weighted_asr",
    "alr"
  ],
  "text_cleaning": "mask_refusal_hazard_terms",
  "feature_set": "长度拒绝格式",
  "train_datasets": [
    "jbb-deepseek-ofa"
  ],
  "test_datasets": [
    "jbb-llama-ofa"
  ],
  "train_records": 6000,
  "test_records": 2000,
  "results": {
    "asr": {
      "仅长度格式基线": {
        "合并": {
          "n": 2000,
          "pearson": 0.6157411396247476,
          "spearman": 0.5092282200190859,
          "mae": 0.2928474829673767,
          "r2": 0.03964857942741162,
          "同题序关系准确率": 0.6057139637101319,
          "按问题宏平均序准确率": 0.6017870342035063
        },
        "jbb-llama-ofa": {
          "n": 2000,
          "pearson": 0.6157411396247476,
          "spearman": 0.5092282200190859,
          "mae": 0.2928474829673767,
          "r2": 0.03964857942741162,
          "同题序关系准确率": 0.6057139637101319,
          "按问题宏平均序准确率": 0.6017870342035063
        }
      },
      "仅response文本": {
        "合并": {
          "n": 2000,
          "pearson": 0.7868493848487611,
          "spearman": 0.7218687048763917,
          "mae": 0.22100838845711337,
          "r2": 0.5143987449628685,
          "同题序关系准确率": 0.6494662781149877,
          "按问题宏平均序准确率": 0.6410031562990393
        },
        "jbb-llama-ofa": {
          "n": 2000,
          "pearson": 0.7868493848487611,
          "spearman": 0.7218687048763917,
          "mae": 0.22100838845711337,
          "r2": 0.5143987449628685,
          "同题序关系准确率": 0.6494662781149877,
          "按问题宏平均序准确率": 0.6410031562990393
        }
      },
      "长度格式基线_plus_文本残差": {
        "合并": {
          "n": 2000,
          "pearson": 0.7137436589253731,
          "spearman": 0.6395346266689269,
          "mae": 0.2770517824038119,
          "r2": 0.10211825133902652,
          "同题序关系准确率": 0.6171531612757805,
          "按问题宏平均序准确率": 0.6184652735301899
        },
        "jbb-llama-ofa": {
          "n": 2000,
          "pearson": 0.7137436589253731,
          "spearman": 0.6395346266689269,
          "mae": 0.2770517824038119,
          "r2": 0.10211825133902652,
          "同题序关系准确率": 0.6171531612757805,
          "按问题宏平均序准确率": 0.6184652735301899
        }
      },
      "残差本身": {
        "合并": {
          "n": 2000,
          "pearson": 0.5484651197165094,
          "spearman": 0.5812700997623079,
          "mae": 0.2770517824038119,
          "r2": -0.3470071886280961,
          "同题序关系准确率": 0.5588319379211762,
          "按问题宏平均序准确率": 0.5581386214984237
        },
        "jbb-llama-ofa": {
          "n": 2000,
          "pearson": 0.5484651197165094,
          "spearman": 0.5812700997623079,
          "mae": 0.2770517824038119,
          "r2": -0.3470071886280961,
          "同题序关系准确率": 0.5588319379211762,
          "按问题宏平均序准确率": 0.5581386214984237
        }
      }
    },
    "hazard_weighted_asr": {
      "仅长度格式基线": {
        "合并": {
          "n": 2000,
          "pearson": 0.5554458983517836,
          "spearman": 0.49491736789027196,
          "mae": 0.34936710655699144,
          "r2": -0.2888780931510815,
          "同题序关系准确率": 0.5838736199201315,
          "按问题宏平均序准确率": 0.5892161321199025
        },
        "jbb-llama-ofa": {
          "n": 2000,
          "pearson": 0.5554458983517836,
          "spearman": 0.49491736789027196,
          "mae": 0.34936710655699144,
          "r2": -0.2888780931510815,
          "同题序关系准确率": 0.5838736199201315,
          "按问题宏平均序准确率": 0.5892161321199025
        }
      },
      "仅response文本": {
        "合并": {
          "n": 2000,
          "pearson": 0.7530256233013326,
          "spearman": 0.7376576886100426,
          "mae": 0.2296688552483546,
          "r2": 0.43833465725383935,
          "同题序关系准确率": 0.623514211886305,
          "按问题宏平均序准确率": 0.6242639167636115
        },
        "jbb-llama-ofa": {
          "n": 2000,
          "pearson": 0.7530256233013326,
          "spearman": 0.7376576886100426,
          "mae": 0.2296688552483546,
          "r2": 0.43833465725383935,
          "同题序关系准确率": 0.623514211886305,
          "按问题宏平均序准确率": 0.6242639167636115
        }
      },
      "长度格式基线_plus_文本残差": {
        "合并": {
          "n": 2000,
          "pearson": 0.7060668986619603,
          "spearman": 0.6833650189895336,
          "mae": 0.3312394326265349,
          "r2": -0.1602914140255085,
          "同题序关系准确率": 0.6017383133662203,
          "按问题宏平均序准确率": 0.6084637444087695
        },
        "jbb-llama-ofa": {
          "n": 2000,
          "pearson": 0.7060668986619603,
          "spearman": 0.6833650189895336,
          "mae": 0.3312394326265349,
          "r2": -0.1602914140255085,
          "同题序关系准确率": 0.6017383133662203,
          "按问题宏平均序准确率": 0.6084637444087695
        }
      },
      "残差本身": {
        "合并": {
          "n": 2000,
          "pearson": 0.5591356423478515,
          "spearman": 0.5674364057245114,
          "mae": 0.3312394326265348,
          "r2": -0.6345076805718326,
          "同题序关系准确率": 0.5651503705669777,
          "按问题宏平均序准确率": 0.5649660582791054
        },
        "jbb-llama-ofa": {
          "n": 2000,
          "pearson": 0.5591356423478515,
          "spearman": 0.5674364057245114,
          "mae": 0.3312394326265348,
          "r2": -0.6345076805718326,
          "同题序关系准确率": 0.5651503705669777,
          "按问题宏平均序准确率": 0.5649660582791054
        }
      }
    },
    "alr": {
      "仅长度格式基线": {
        "合并": {
          "n": 2000,
          "pearson": 0.6800495245693948,
          "spearman": 0.6366359793679518,
          "mae": 0.2115266992211342,
          "r2": 0.28557031244220354,
          "同题序关系准确率": 0.7456301466311568,
          "按问题宏平均序准确率": 0.7895969124853818
        },
        "jbb-llama-ofa": {
          "n": 2000,
          "pearson": 0.6800495245693948,
          "spearman": 0.6366359793679518,
          "mae": 0.2115266992211342,
          "r2": 0.28557031244220354,
          "同题序关系准确率": 0.7456301466311568,
          "按问题宏平均序准确率": 0.7895969124853818
        }
      },
      "仅response文本": {
        "合并": {
          "n": 2000,
          "pearson": 0.8868566077846418,
          "spearman": 0.6498570529084415,
          "mae": 0.19550685278040525,
          "r2": 0.2987332168172607,
          "同题序关系准确率": 0.7749869899286742,
          "按问题宏平均序准确率": 0.8221226754841988
        },
        "jbb-llama-ofa": {
          "n": 2000,
          "pearson": 0.8868566077846418,
          "spearman": 0.6498570529084415,
          "mae": 0.19550685278040525,
          "r2": 0.2987332168172607,
          "同题序关系准确率": 0.7749869899286742,
          "按问题宏平均序准确率": 0.8221226754841988
        }
      },
      "长度格式基线_plus_文本残差": {
        "合并": {
          "n": 2000,
          "pearson": 0.7350400881498842,
          "spearman": 0.6434712720633967,
          "mae": 0.19527820013281974,
          "r2": 0.32534548847025146,
          "同题序关系准确率": 0.7499464291180702,
          "按问题宏平均序准确率": 0.7909625198589334
        },
        "jbb-llama-ofa": {
          "n": 2000,
          "pearson": 0.7350400881498842,
          "spearman": 0.6434712720633967,
          "mae": 0.19527820013281974,
          "r2": 0.32534548847025146,
          "同题序关系准确率": 0.7499464291180702,
          "按问题宏平均序准确率": 0.7909625198589334
        }
      },
      "残差本身": {
        "合并": {
          "n": 2000,
          "pearson": 0.5628988750814052,
          "spearman": 0.5460431332918612,
          "mae": 0.19527820013281974,
          "r2": -0.06237303668754568,
          "同题序关系准确率": 0.6213771432058087,
          "按问题宏平均序准确率": 0.6211116610544147
        },
        "jbb-llama-ofa": {
          "n": 2000,
          "pearson": 0.5628988750814052,
          "spearman": 0.5460431332918612,
          "mae": 0.19527820013281974,
          "r2": -0.06237303668754568,
          "同题序关系准确率": 0.6213771432058087,
          "按问题宏平均序准确率": 0.6211116610544147
        }
      }
    }
  }
}