{
  "说明": "基线先使用长度/拒绝/格式手工特征；文本模型只拟合训练残差。",
  "scores": "outputs/alternative_asr/all_14_datasets/alternative_asr_scores.jsonl",
  "sample_size": 1,
  "targets": [
    "asr",
    "hazard_weighted_asr",
    "alr"
  ],
  "text_cleaning": "mask_refusal_hazard_terms",
  "feature_set": "长度拒绝格式",
  "train_datasets": [
    "jbb-4omini-ofa"
  ],
  "test_datasets": [
    "jbb-qwen-ofa"
  ],
  "train_records": 6000,
  "test_records": 2000,
  "results": {
    "asr": {
      "仅长度格式基线": {
        "合并": {
          "n": 2000,
          "pearson": 0.3840017090335006,
          "spearman": 0.281500021023799,
          "mae": 0.390432171690464,
          "r2": -0.32277225193927683,
          "同题序关系准确率": 0.548929913412841,
          "按问题宏平均序准确率": 0.5582369230268402
        },
        "jbb-qwen-ofa": {
          "n": 2000,
          "pearson": 0.3840017090335006,
          "spearman": 0.281500021023799,
          "mae": 0.390432171690464,
          "r2": -0.32277225193927683,
          "同题序关系准确率": 0.548929913412841,
          "按问题宏平均序准确率": 0.5582369230268402
        }
      },
      "仅response文本": {
        "合并": {
          "n": 2000,
          "pearson": 0.5208196762424562,
          "spearman": 0.5920235459737984,
          "mae": 0.3796226844571957,
          "r2": -0.34344091036181656,
          "同题序关系准确率": 0.6191145237706257,
          "按问题宏平均序准确率": 0.6368809388485632
        },
        "jbb-qwen-ofa": {
          "n": 2000,
          "pearson": 0.5208196762424562,
          "spearman": 0.5920235459737984,
          "mae": 0.3796226844571957,
          "r2": -0.34344091036181656,
          "同题序关系准确率": 0.6191145237706257,
          "按问题宏平均序准确率": 0.6368809388485632
        }
      },
      "长度格式基线_plus_文本残差": {
        "合并": {
          "n": 2000,
          "pearson": 0.4777862123959117,
          "spearman": 0.5224229366407543,
          "mae": 0.3775550300748921,
          "r2": -0.38644319350608725,
          "同题序关系准确率": 0.5922888416925339,
          "按问题宏平均序准确率": 0.6035064450156239
        },
        "jbb-qwen-ofa": {
          "n": 2000,
          "pearson": 0.4777862123959117,
          "spearman": 0.5224229366407543,
          "mae": 0.3775550300748921,
          "r2": -0.38644319350608725,
          "同题序关系准确率": 0.5922888416925339,
          "按问题宏平均序准确率": 0.6035064450156239
        }
      },
      "残差本身": {
        "合并": {
          "n": 2000,
          "pearson": 0.31922252487300984,
          "spearman": 0.3527070783248468,
          "mae": 0.3775550300748921,
          "r2": -0.4836060922011294,
          "同题序关系准确率": 0.5399693559465314,
          "按问题宏平均序准确率": 0.5363760271134361
        },
        "jbb-qwen-ofa": {
          "n": 2000,
          "pearson": 0.31922252487300984,
          "spearman": 0.3527070783248468,
          "mae": 0.3775550300748921,
          "r2": -0.4836060922011294,
          "同题序关系准确率": 0.5399693559465314,
          "按问题宏平均序准确率": 0.5363760271134361
        }
      }
    },
    "hazard_weighted_asr": {
      "仅长度格式基线": {
        "合并": {
          "n": 2000,
          "pearson": 0.3076597995159109,
          "spearman": 0.26638908609860373,
          "mae": 0.3778909553506951,
          "r2": -0.23643332878516854,
          "同题序关系准确率": 0.5481984517945109,
          "按问题宏平均序准确率": 0.5635178088385564
        },
        "jbb-qwen-ofa": {
          "n": 2000,
          "pearson": 0.3076597995159109,
          "spearman": 0.26638908609860373,
          "mae": 0.3778909553506951,
          "r2": -0.23643332878516854,
          "同题序关系准确率": 0.5481984517945109,
          "按问题宏平均序准确率": 0.5635178088385564
        }
      },
      "仅response文本": {
        "合并": {
          "n": 2000,
          "pearson": 0.5234808167465557,
          "spearman": 0.6380722862732577,
          "mae": 0.35885130596394904,
          "r2": -0.16616154368196745,
          "同题序关系准确率": 0.6239197748064743,
          "按问题宏平均序准确率": 0.6377646709734875
        },
        "jbb-qwen-ofa": {
          "n": 2000,
          "pearson": 0.5234808167465557,
          "spearman": 0.6380722862732577,
          "mae": 0.35885130596394904,
          "r2": -0.16616154368196745,
          "同题序关系准确率": 0.6239197748064743,
          "按问题宏平均序准确率": 0.6377646709734875
        }
      },
      "长度格式基线_plus_文本残差": {
        "合并": {
          "n": 2000,
          "pearson": 0.461435983322448,
          "spearman": 0.5507958515239743,
          "mae": 0.3576324064889882,
          "r2": -0.20322877960561603,
          "同题序关系准确率": 0.5956439127375088,
          "按问题宏平均序准确率": 0.5971657861862821
        },
        "jbb-qwen-ofa": {
          "n": 2000,
          "pearson": 0.461435983322448,
          "spearman": 0.5507958515239743,
          "mae": 0.3576324064889882,
          "r2": -0.20322877960561603,
          "同题序关系准确率": 0.5956439127375088,
          "按问题宏平均序准确率": 0.5971657861862821
        }
      },
      "残差本身": {
        "合并": {
          "n": 2000,
          "pearson": 0.4068628331904609,
          "spearman": 0.41049248642050035,
          "mae": 0.3576324064889882,
          "r2": -0.23135203514337555,
          "同题序关系准确率": 0.5526891377852916,
          "按问题宏平均序准确率": 0.5478495640531105
        },
        "jbb-qwen-ofa": {
          "n": 2000,
          "pearson": 0.4068628331904609,
          "spearman": 0.41049248642050035,
          "mae": 0.3576324064889882,
          "r2": -0.23135203514337555,
          "同题序关系准确率": 0.5526891377852916,
          "按问题宏平均序准确率": 0.5478495640531105
        }
      }
    },
    "alr": {
      "仅长度格式基线": {
        "合并": {
          "n": 2000,
          "pearson": 0.93745815310234,
          "spearman": 0.6599592280322283,
          "mae": 0.043504093569517135,
          "r2": 0.8750843464765475,
          "同题序关系准确率": 0.8159384048433799,
          "按问题宏平均序准确率": 0.8259029094795947
        },
        "jbb-qwen-ofa": {
          "n": 2000,
          "pearson": 0.93745815310234,
          "spearman": 0.6599592280322283,
          "mae": 0.043504093569517135,
          "r2": 0.8750843464765475,
          "同题序关系准确率": 0.8159384048433799,
          "按问题宏平均序准确率": 0.8259029094795947
        }
      },
      "仅response文本": {
        "合并": {
          "n": 2000,
          "pearson": 0.9478077098052542,
          "spearman": 0.6409437995820294,
          "mae": 0.06924234164322889,
          "r2": 0.867727076547077,
          "同题序关系准确率": 0.806111257348425,
          "按问题宏平均序准确率": 0.8078541015224631
        },
        "jbb-qwen-ofa": {
          "n": 2000,
          "pearson": 0.9478077098052542,
          "spearman": 0.6409437995820294,
          "mae": 0.06924234164322889,
          "r2": 0.867727076547077,
          "同题序关系准确率": 0.806111257348425,
          "按问题宏平均序准确率": 0.8078541015224631
        }
      },
      "长度格式基线_plus_文本残差": {
        "合并": {
          "n": 2000,
          "pearson": 0.9382747833335102,
          "spearman": 0.6780298760538178,
          "mae": 0.045966343616926295,
          "r2": 0.8757040856512607,
          "同题序关系准确率": 0.7981047644116873,
          "按问题宏平均序准确率": 0.8432415954076912
        },
        "jbb-qwen-ofa": {
          "n": 2000,
          "pearson": 0.9382747833335102,
          "spearman": 0.6780298760538178,
          "mae": 0.045966343616926295,
          "r2": 0.8757040856512607,
          "同题序关系准确率": 0.7981047644116873,
          "按问题宏平均序准确率": 0.8432415954076912
        }
      },
      "残差本身": {
        "合并": {
          "n": 2000,
          "pearson": 0.11250548279037972,
          "spearman": 0.1832724788229246,
          "mae": 0.045966343616926295,
          "r2": -0.02516407076225935,
          "同题序关系准确率": 0.544930827568964,
          "按问题宏平均序准确率": 0.5414561742681244
        },
        "jbb-qwen-ofa": {
          "n": 2000,
          "pearson": 0.11250548279037972,
          "spearman": 0.1832724788229246,
          "mae": 0.045966343616926295,
          "r2": -0.02516407076225935,
          "同题序关系准确率": 0.544930827568964,
          "按问题宏平均序准确率": 0.5414561742681244
        }
      }
    }
  }
}