{
  "说明": "基线先使用长度/拒绝/格式手工特征；文本模型只拟合训练残差。",
  "scores": "outputs/alternative_asr/all_14_datasets/alternative_asr_scores.jsonl",
  "sample_size": 1,
  "targets": [
    "asr",
    "hazard_weighted_asr",
    "alr"
  ],
  "text_cleaning": "mask_refusal_hazard_terms",
  "feature_set": "长度拒绝格式",
  "train_datasets": [
    "hb-deepseek-ofa"
  ],
  "test_datasets": [
    "hb-llama-ofa"
  ],
  "train_records": 1500,
  "test_records": 700,
  "results": {
    "asr": {
      "仅长度格式基线": {
        "合并": {
          "n": 700,
          "pearson": -0.31469287842556604,
          "spearman": -0.23886205774702682,
          "mae": 0.3115306121962411,
          "r2": -0.4650594403788679,
          "同题序关系准确率": 0.46036134087940794,
          "按问题宏平均序准确率": 0.45844184303541213
        },
        "hb-llama-ofa": {
          "n": 700,
          "pearson": -0.31469287842556604,
          "spearman": -0.23886205774702682,
          "mae": 0.3115306121962411,
          "r2": -0.4650594403788679,
          "同题序关系准确率": 0.46036134087940794,
          "按问题宏平均序准确率": 0.45844184303541213
        }
      },
      "仅response文本": {
        "合并": {
          "n": 700,
          "pearson": 0.9036480119090805,
          "spearman": 0.7880699683558837,
          "mae": 0.24923545228809632,
          "r2": 0.2775226134565567,
          "同题序关系准确率": 0.680169786678276,
          "按问题宏平均序准确率": 0.695774586604036
        },
        "hb-llama-ofa": {
          "n": 700,
          "pearson": 0.9036480119090805,
          "spearman": 0.7880699683558837,
          "mae": 0.24923545228809632,
          "r2": 0.2775226134565567,
          "同题序关系准确率": 0.680169786678276,
          "按问题宏平均序准确率": 0.695774586604036
        }
      },
      "长度格式基线_plus_文本残差": {
        "合并": {
          "n": 700,
          "pearson": -0.18175141958533084,
          "spearman": -0.06217413991942476,
          "mae": 0.3064225438370085,
          "r2": -0.3968129692456408,
          "同题序关系准确率": 0.5307357422725294,
          "按问题宏平均序准确率": 0.5463482041441284
        },
        "hb-llama-ofa": {
          "n": 700,
          "pearson": -0.18175141958533084,
          "spearman": -0.06217413991942476,
          "mae": 0.3064225438370085,
          "r2": -0.3968129692456408,
          "同题序关系准确率": 0.5307357422725294,
          "按问题宏平均序准确率": 0.5463482041441284
        }
      },
      "残差本身": {
        "合并": {
          "n": 700,
          "pearson": 0.22115468651859949,
          "spearman": 0.2588250446752639,
          "mae": 0.3064225438370085,
          "r2": -0.31554894679198187,
          "同题序关系准确率": 0.554462957019054,
          "按问题宏平均序准确率": 0.5548669755723336
        },
        "hb-llama-ofa": {
          "n": 700,
          "pearson": 0.22115468651859949,
          "spearman": 0.2588250446752639,
          "mae": 0.3064225438370085,
          "r2": -0.31554894679198187,
          "同题序关系准确率": 0.554462957019054,
          "按问题宏平均序准确率": 0.5548669755723336
        }
      }
    },
    "hazard_weighted_asr": {
      "仅长度格式基线": {
        "合并": {
          "n": 700,
          "pearson": -0.3013963580532282,
          "spearman": -0.27491042637865676,
          "mae": 0.329796772567258,
          "r2": -0.42393990990567176,
          "同题序关系准确率": 0.4605121968667287,
          "按问题宏平均序准确率": 0.43963772518899796
        },
        "hb-llama-ofa": {
          "n": 700,
          "pearson": -0.3013963580532282,
          "spearman": -0.27491042637865676,
          "mae": 0.329796772567258,
          "r2": -0.42393990990567176,
          "同题序关系准确率": 0.4605121968667287,
          "按问题宏平均序准确率": 0.43963772518899796
        }
      },
      "仅response文本": {
        "合并": {
          "n": 700,
          "pearson": 0.8346547639703191,
          "spearman": 0.7882556582270002,
          "mae": 0.2506323880828897,
          "r2": 0.32546222041985984,
          "同题序关系准确率": 0.6666070534372988,
          "按问题宏平均序准确率": 0.6865472125253956
        },
        "hb-llama-ofa": {
          "n": 700,
          "pearson": 0.8346547639703191,
          "spearman": 0.7882556582270002,
          "mae": 0.2506323880828897,
          "r2": 0.32546222041985984,
          "同题序关系准确率": 0.6666070534372988,
          "按问题宏平均序准确率": 0.6865472125253956
        }
      },
      "长度格式基线_plus_文本残差": {
        "合并": {
          "n": 700,
          "pearson": -0.07553471287908368,
          "spearman": -0.016025596584850362,
          "mae": 0.3155513511719925,
          "r2": -0.2603794815891467,
          "同题序关系准确率": 0.5573181200371986,
          "按问题宏平均序准确率": 0.5573347804725604
        },
        "hb-llama-ofa": {
          "n": 700,
          "pearson": -0.07553471287908368,
          "spearman": -0.016025596584850362,
          "mae": 0.3155513511719925,
          "r2": -0.2603794815891467,
          "同题序关系准确率": 0.5573181200371986,
          "按问题宏平均序准确率": 0.5573347804725604
        }
      },
      "残差本身": {
        "合并": {
          "n": 700,
          "pearson": 0.3198832649973754,
          "spearman": 0.375038887065006,
          "mae": 0.3155513511719925,
          "r2": -0.12421451810206796,
          "同题序关系准确率": 0.6375532473595145,
          "按问题宏平均序准确率": 0.6390757843351155
        },
        "hb-llama-ofa": {
          "n": 700,
          "pearson": 0.3198832649973754,
          "spearman": 0.375038887065006,
          "mae": 0.3155513511719925,
          "r2": -0.12421451810206796,
          "同题序关系准确率": 0.6375532473595145,
          "按问题宏平均序准确率": 0.6390757843351155
        }
      }
    },
    "alr": {
      "仅长度格式基线": {
        "合并": {
          "n": 700,
          "pearson": 0.7173259761811666,
          "spearman": 0.6526467862881631,
          "mae": 0.2865020463636943,
          "r2": -0.45076101166059757,
          "同题序关系准确率": 0.7843707250341997,
          "按问题宏平均序准确率": 0.7436190779180988
        },
        "hb-llama-ofa": {
          "n": 700,
          "pearson": 0.7173259761811666,
          "spearman": 0.6526467862881631,
          "mae": 0.2865020463636943,
          "r2": -0.45076101166059757,
          "同题序关系准确率": 0.7843707250341997,
          "按问题宏平均序准确率": 0.7436190779180988
        }
      },
      "仅response文本": {
        "合并": {
          "n": 700,
          "pearson": 0.3408487526428743,
          "spearman": 0.4113448943381747,
          "mae": 0.28705891087585395,
          "r2": -0.453671874230668,
          "同题序关系准确率": 0.7648341313269493,
          "按问题宏平均序准确率": 0.6574450229276342
        },
        "hb-llama-ofa": {
          "n": 700,
          "pearson": 0.3408487526428743,
          "spearman": 0.4113448943381747,
          "mae": 0.28705891087585395,
          "r2": -0.453671874230668,
          "同题序关系准确率": 0.7648341313269493,
          "按问题宏平均序准确率": 0.6574450229276342
        }
      },
      "长度格式基线_plus_文本残差": {
        "合并": {
          "n": 700,
          "pearson": 0.609147018269125,
          "spearman": 0.569953571137248,
          "mae": 0.2867264394800775,
          "r2": -0.4427137656991873,
          "同题序关系准确率": 0.7809935020519836,
          "按问题宏平均序准确率": 0.7427345644245934
        },
        "hb-llama-ofa": {
          "n": 700,
          "pearson": 0.609147018269125,
          "spearman": 0.569953571137248,
          "mae": 0.2867264394800775,
          "r2": -0.4427137656991873,
          "同题序关系准确率": 0.7809935020519836,
          "按问题宏平均序准确率": 0.7427345644245934
        }
      },
      "残差本身": {
        "合并": {
          "n": 700,
          "pearson": 0.28991671281741604,
          "spearman": 0.13044798795664383,
          "mae": 0.2867264394800775,
          "r2": -0.45129722585944587,
          "同题序关系准确率": 0.4902392763349869,
          "按问题宏平均序准确率": 0.4904805935847098
        },
        "hb-llama-ofa": {
          "n": 700,
          "pearson": 0.28991671281741604,
          "spearman": 0.13044798795664383,
          "mae": 0.2867264394800775,
          "r2": -0.45129722585944587,
          "同题序关系准确率": 0.4902392763349869,
          "按问题宏平均序准确率": 0.4904805935847098
        }
      }
    }
  }
}