{
  "说明": "基线先使用长度/拒绝/格式手工特征；文本模型只拟合训练残差。",
  "scores": "outputs/alternative_asr/all_14_datasets/alternative_asr_scores.jsonl",
  "sample_size": 1,
  "targets": [
    "asr",
    "hazard_weighted_asr",
    "alr"
  ],
  "text_cleaning": "mask_refusal_hazard_terms",
  "feature_set": "长度拒绝格式",
  "train_datasets": [
    "hb-4omini-ofa"
  ],
  "test_datasets": [
    "hb-llama-ofa"
  ],
  "train_records": 1500,
  "test_records": 700,
  "results": {
    "asr": {
      "仅长度格式基线": {
        "合并": {
          "n": 700,
          "pearson": -0.2093216002384293,
          "spearman": -0.09492730208005343,
          "mae": 0.3529112804361752,
          "r2": -0.36736458699516383,
          "同题序关系准确率": 0.5189159773617762,
          "按问题宏平均序准确率": 0.5261840152243139
        },
        "hb-llama-ofa": {
          "n": 700,
          "pearson": -0.2093216002384293,
          "spearman": -0.09492730208005343,
          "mae": 0.3529112804361752,
          "r2": -0.36736458699516383,
          "同题序关系准确率": 0.5189159773617762,
          "按问题宏平均序准确率": 0.5261840152243139
        }
      },
      "仅response文本": {
        "合并": {
          "n": 700,
          "pearson": 0.7010995024207471,
          "spearman": 0.6453141445056367,
          "mae": 0.2870395285912973,
          "r2": 0.3272473837944815,
          "同题序关系准确率": 0.6393774488463213,
          "按问题宏平均序准确率": 0.6448259853308383
        },
        "hb-llama-ofa": {
          "n": 700,
          "pearson": 0.7010995024207471,
          "spearman": 0.6453141445056367,
          "mae": 0.2870395285912973,
          "r2": 0.3272473837944815,
          "同题序关系准确率": 0.6393774488463213,
          "按问题宏平均序准确率": 0.6448259853308383
        }
      },
      "长度格式基线_plus_文本残差": {
        "合并": {
          "n": 700,
          "pearson": -0.021330874520151463,
          "spearman": 0.13857597156781895,
          "mae": 0.33755637874057365,
          "r2": -0.23860438993509825,
          "同题序关系准确率": 0.6061384414453636,
          "按问题宏平均序准确率": 0.6157535576345848
        },
        "hb-llama-ofa": {
          "n": 700,
          "pearson": -0.021330874520151463,
          "spearman": 0.13857597156781895,
          "mae": 0.33755637874057365,
          "r2": -0.23860438993509825,
          "同题序关系准确率": 0.6061384414453636,
          "按问题宏平均序准确率": 0.6157535576345848
        }
      },
      "残差本身": {
        "合并": {
          "n": 700,
          "pearson": 0.5516983568857354,
          "spearman": 0.4387867198385428,
          "mae": 0.33755637874057365,
          "r2": -0.005127724279214041,
          "同题序关系准确率": 0.667328061626448,
          "按问题宏平均序准确率": 0.6681847054394827
        },
        "hb-llama-ofa": {
          "n": 700,
          "pearson": 0.5516983568857354,
          "spearman": 0.4387867198385428,
          "mae": 0.33755637874057365,
          "r2": -0.005127724279214041,
          "同题序关系准确率": 0.667328061626448,
          "按问题宏平均序准确率": 0.6681847054394827
        }
      }
    },
    "hazard_weighted_asr": {
      "仅长度格式基线": {
        "合并": {
          "n": 700,
          "pearson": 0.14992871328487614,
          "spearman": 0.2014047005070533,
          "mae": 0.3143585233280851,
          "r2": -0.04222468852183736,
          "同题序关系准确率": 0.5848057800987195,
          "按问题宏平均序准确率": 0.6010604652002617
        },
        "hb-llama-ofa": {
          "n": 700,
          "pearson": 0.14992871328487614,
          "spearman": 0.2014047005070533,
          "mae": 0.3143585233280851,
          "r2": -0.04222468852183736,
          "同题序关系准确率": 0.5848057800987195,
          "按问题宏平均序准确率": 0.6010604652002617
        }
      },
      "仅response文本": {
        "合并": {
          "n": 700,
          "pearson": 0.613790142082949,
          "spearman": 0.6263994199557766,
          "mae": 0.28249559560683585,
          "r2": 0.24964917478033288,
          "同题序关系准确率": 0.6202160383432291,
          "按问题宏平均序准确率": 0.6428615309437886
        },
        "hb-llama-ofa": {
          "n": 700,
          "pearson": 0.613790142082949,
          "spearman": 0.6263994199557766,
          "mae": 0.28249559560683585,
          "r2": 0.24964917478033288,
          "同题序关系准确率": 0.6202160383432291,
          "按问题宏平均序准确率": 0.6428615309437886
        }
      },
      "长度格式基线_plus_文本残差": {
        "合并": {
          "n": 700,
          "pearson": 0.32428479729662785,
          "spearman": 0.40862208124871513,
          "mae": 0.29589598560783825,
          "r2": 0.08810176351495902,
          "同题序关系准确率": 0.623953787824594,
          "按问题宏平均序准确率": 0.6446249932855169
        },
        "hb-llama-ofa": {
          "n": 700,
          "pearson": 0.32428479729662785,
          "spearman": 0.40862208124871513,
          "mae": 0.29589598560783825,
          "r2": 0.08810176351495902,
          "同题序关系准确率": 0.623953787824594,
          "按问题宏平均序准确率": 0.6446249932855169
        }
      },
      "残差本身": {
        "合并": {
          "n": 700,
          "pearson": 0.5386116414451088,
          "spearman": 0.5544754714341253,
          "mae": 0.29589598560783825,
          "r2": 0.11801361357455864,
          "同题序关系准确率": 0.6561387640777265,
          "按问题宏平均序准确率": 0.6572854867878936
        },
        "hb-llama-ofa": {
          "n": 700,
          "pearson": 0.5386116414451088,
          "spearman": 0.5544754714341253,
          "mae": 0.29589598560783825,
          "r2": 0.11801361357455864,
          "同题序关系准确率": 0.6561387640777265,
          "按问题宏平均序准确率": 0.6572854867878936
        }
      }
    },
    "alr": {
      "仅长度格式基线": {
        "合并": {
          "n": 700,
          "pearson": 0.8108959994911529,
          "spearman": 0.7558558969528965,
          "mae": 0.28116078388690946,
          "r2": -0.37170811460090825,
          "同题序关系准确率": 0.7449555403556771,
          "按问题宏平均序准确率": 0.7025973247583704
        },
        "hb-llama-ofa": {
          "n": 700,
          "pearson": 0.8108959994911529,
          "spearman": 0.7558558969528965,
          "mae": 0.28116078388690946,
          "r2": -0.37170811460090825,
          "同题序关系准确率": 0.7449555403556771,
          "按问题宏平均序准确率": 0.7025973247583704
        }
      },
      "仅response文本": {
        "合并": {
          "n": 700,
          "pearson": 0.9120833342322818,
          "spearman": 0.8117755495079474,
          "mae": 0.20464845950935967,
          "r2": 0.3753833590520965,
          "同题序关系准确率": 0.7983498632010944,
          "按问题宏平均序准确率": 0.8141751779976593
        },
        "hb-llama-ofa": {
          "n": 700,
          "pearson": 0.9120833342322818,
          "spearman": 0.8117755495079474,
          "mae": 0.20464845950935967,
          "r2": 0.3753833590520965,
          "同题序关系准确率": 0.7983498632010944,
          "按问题宏平均序准确率": 0.8141751779976593
        }
      },
      "长度格式基线_plus_文本残差": {
        "合并": {
          "n": 700,
          "pearson": 0.7355280343738082,
          "spearman": 0.7760224584313056,
          "mae": 0.2776348878898194,
          "r2": -0.324196009805521,
          "同题序关系准确率": 0.665654924760602,
          "按问题宏平均序准确率": 0.6773386280454377
        },
        "hb-llama-ofa": {
          "n": 700,
          "pearson": 0.7355280343738082,
          "spearman": 0.7760224584313056,
          "mae": 0.2776348878898194,
          "r2": -0.324196009805521,
          "同题序关系准确率": 0.665654924760602,
          "按问题宏平均序准确率": 0.6773386280454377
        }
      },
      "残差本身": {
        "合并": {
          "n": 700,
          "pearson": 0.3002032534810902,
          "spearman": 0.310717288591193,
          "mae": 0.2776348878898194,
          "r2": -0.3996506340381498,
          "同题序关系准确率": 0.5076889407645171,
          "按问题宏平均序准确率": 0.5091640553379676
        },
        "hb-llama-ofa": {
          "n": 700,
          "pearson": 0.3002032534810902,
          "spearman": 0.310717288591193,
          "mae": 0.2776348878898194,
          "r2": -0.3996506340381498,
          "同题序关系准确率": 0.5076889407645171,
          "按问题宏平均序准确率": 0.5091640553379676
        }
      }
    }
  }
}