{
  "说明": "基线先使用长度/拒绝/格式手工特征；文本模型只拟合训练残差。",
  "scores": "outputs/alternative_asr/all_14_datasets/alternative_asr_scores.jsonl",
  "sample_size": 1,
  "targets": [
    "asr",
    "hazard_weighted_asr",
    "alr"
  ],
  "text_cleaning": "mask_refusal_hazard_terms",
  "feature_set": "长度拒绝格式",
  "train_datasets": [
    "hb-qwen-ofa"
  ],
  "test_datasets": [
    "hb-llama-ofa"
  ],
  "train_records": 1500,
  "test_records": 700,
  "results": {
    "asr": {
      "仅长度格式基线": {
        "合并": {
          "n": 700,
          "pearson": -0.5811174133770425,
          "spearman": -0.42089556388002775,
          "mae": 0.3632702190705708,
          "r2": -0.6070324152313384,
          "同题序关系准确率": 0.37620809751850237,
          "按问题宏平均序准确率": 0.3800339460136452
        },
        "hb-llama-ofa": {
          "n": 700,
          "pearson": -0.5811174133770425,
          "spearman": -0.42089556388002775,
          "mae": 0.3632702190705708,
          "r2": -0.6070324152313384,
          "同题序关系准确率": 0.37620809751850237,
          "按问题宏平均序准确率": 0.3800339460136452
        }
      },
      "仅response文本": {
        "合并": {
          "n": 700,
          "pearson": 0.9085737315507758,
          "spearman": 0.7819113049609699,
          "mae": 0.24839595511037943,
          "r2": 0.5586792028919169,
          "同题序关系准确率": 0.6753809316499783,
          "按问题宏平均序准确率": 0.693777550015028
        },
        "hb-llama-ofa": {
          "n": 700,
          "pearson": 0.9085737315507758,
          "spearman": 0.7819113049609699,
          "mae": 0.24839595511037943,
          "r2": 0.5586792028919169,
          "同题序关系准确率": 0.6753809316499783,
          "按问题宏平均序准确率": 0.693777550015028
        }
      },
      "长度格式基线_plus_文本残差": {
        "合并": {
          "n": 700,
          "pearson": -0.40356040109315594,
          "spearman": -0.2872383042084241,
          "mae": 0.34558087564526974,
          "r2": -0.4692356116912484,
          "同题序关系准确率": 0.4318676534610361,
          "按问题宏平均序准确率": 0.44286116219564686
        },
        "hb-llama-ofa": {
          "n": 700,
          "pearson": -0.40356040109315594,
          "spearman": -0.2872383042084241,
          "mae": 0.34558087564526974,
          "r2": -0.4692356116912484,
          "同题序关系准确率": 0.4318676534610361,
          "按问题宏平均序准确率": 0.44286116219564686
        }
      },
      "残差本身": {
        "合并": {
          "n": 700,
          "pearson": 0.7155810933002409,
          "spearman": 0.5597700631965075,
          "mae": 0.3455808756452698,
          "r2": -0.05299053752107241,
          "同题序关系准确率": 0.6565901199264684,
          "按问题宏平均序准确率": 0.6578634114104388
        },
        "hb-llama-ofa": {
          "n": 700,
          "pearson": 0.7155810933002409,
          "spearman": 0.5597700631965075,
          "mae": 0.3455808756452698,
          "r2": -0.05299053752107241,
          "同题序关系准确率": 0.6565901199264684,
          "按问题宏平均序准确率": 0.6578634114104388
        }
      }
    },
    "hazard_weighted_asr": {
      "仅长度格式基线": {
        "合并": {
          "n": 700,
          "pearson": -0.14751977336787137,
          "spearman": -0.17449952624575787,
          "mae": 0.32868764152525426,
          "r2": -0.20849345221657178,
          "同题序关系准确率": 0.4623363616853852,
          "按问题宏平均序准确率": 0.46321064718590493
        },
        "hb-llama-ofa": {
          "n": 700,
          "pearson": -0.14751977336787137,
          "spearman": -0.17449952624575787,
          "mae": 0.32868764152525426,
          "r2": -0.20849345221657178,
          "同题序关系准确率": 0.4623363616853852,
          "按问题宏平均序准确率": 0.46321064718590493
        }
      },
      "仅response文本": {
        "合并": {
          "n": 700,
          "pearson": 0.865462259701924,
          "spearman": 0.8094605554598007,
          "mae": 0.2584606338857234,
          "r2": 0.35463128971012325,
          "同题序关系准确率": 0.6687531296945418,
          "按问题宏平均序准确率": 0.6924810123764704
        },
        "hb-llama-ofa": {
          "n": 700,
          "pearson": 0.865462259701924,
          "spearman": 0.8094605554598007,
          "mae": 0.2584606338857234,
          "r2": 0.35463128971012325,
          "同题序关系准确率": 0.6687531296945418,
          "按问题宏平均序准确率": 0.6924810123764704
        }
      },
      "长度格式基线_plus_文本残差": {
        "合并": {
          "n": 700,
          "pearson": 0.008678924555335726,
          "spearman": 0.038084478411335235,
          "mae": 0.31582076249584085,
          "r2": -0.11185027566960293,
          "同题序关系准确率": 0.5286322340653838,
          "按问题宏平均序准确率": 0.5380434215294205
        },
        "hb-llama-ofa": {
          "n": 700,
          "pearson": 0.008678924555335726,
          "spearman": 0.038084478411335235,
          "mae": 0.31582076249584085,
          "r2": -0.11185027566960293,
          "同题序关系准确率": 0.5286322340653838,
          "按问题宏平均序准确率": 0.5380434215294205
        }
      },
      "残差本身": {
        "合并": {
          "n": 700,
          "pearson": 0.564427036643981,
          "spearman": 0.5408716731731694,
          "mae": 0.31582076249584085,
          "r2": 0.05867887006521244,
          "同题序关系准确率": 0.6548549921223085,
          "按问题宏平均序准确率": 0.6554088152745017
        },
        "hb-llama-ofa": {
          "n": 700,
          "pearson": 0.564427036643981,
          "spearman": 0.5408716731731694,
          "mae": 0.31582076249584085,
          "r2": 0.05867887006521244,
          "同题序关系准确率": 0.6548549921223085,
          "按问题宏平均序准确率": 0.6554088152745017
        }
      }
    },
    "alr": {
      "仅长度格式基线": {
        "合并": {
          "n": 700,
          "pearson": 0.8267523152959741,
          "spearman": 0.7842488539590005,
          "mae": 0.2834085690464292,
          "r2": -0.3161826055044572,
          "同题序关系准确率": 0.7523939808481532,
          "按问题宏平均序准确率": 0.7688374088595942
        },
        "hb-llama-ofa": {
          "n": 700,
          "pearson": 0.8267523152959741,
          "spearman": 0.7842488539590005,
          "mae": 0.2834085690464292,
          "r2": -0.3161826055044572,
          "同题序关系准确率": 0.7523939808481532,
          "按问题宏平均序准确率": 0.7688374088595942
        }
      },
      "仅response文本": {
        "合并": {
          "n": 700,
          "pearson": 0.9245203630235401,
          "spearman": 0.8334169862582191,
          "mae": 0.19604821953154977,
          "r2": 0.5379357480062363,
          "同题序关系准确率": 0.8318655950752394,
          "按问题宏平均序准确率": 0.8793961474414314
        },
        "hb-llama-ofa": {
          "n": 700,
          "pearson": 0.9245203630235401,
          "spearman": 0.8334169862582191,
          "mae": 0.19604821953154977,
          "r2": 0.5379357480062363,
          "同题序关系准确率": 0.8318655950752394,
          "按问题宏平均序准确率": 0.8793961474414314
        }
      },
      "长度格式基线_plus_文本残差": {
        "合并": {
          "n": 700,
          "pearson": 0.7086622204177923,
          "spearman": 0.7577801133746928,
          "mae": 0.28103206968130456,
          "r2": -0.2981548606718325,
          "同题序关系准确率": 0.6252992476060192,
          "按问题宏平均序准确率": 0.7301681138510633
        },
        "hb-llama-ofa": {
          "n": 700,
          "pearson": 0.7086622204177923,
          "spearman": 0.7577801133746928,
          "mae": 0.28103206968130456,
          "r2": -0.2981548606718325,
          "同题序关系准确率": 0.6252992476060192,
          "按问题宏平均序准确率": 0.7301681138510633
        }
      },
      "残差本身": {
        "合并": {
          "n": 700,
          "pearson": 0.1292044950510262,
          "spearman": 0.23394895346141026,
          "mae": 0.28103206968130456,
          "r2": -0.37747704300174867,
          "同题序关系准确率": 0.5156259118762766,
          "按问题宏平均序准确率": 0.5171522679913716
        },
        "hb-llama-ofa": {
          "n": 700,
          "pearson": 0.1292044950510262,
          "spearman": 0.23394895346141026,
          "mae": 0.28103206968130456,
          "r2": -0.37747704300174867,
          "同题序关系准确率": 0.5156259118762766,
          "按问题宏平均序准确率": 0.5171522679913716
        }
      }
    }
  }
}