{
  "说明": "经验 ASR = tx/totQA。当前大多数 totQA=20，因此最小非零步长为 0.05；0.01 与 0.001 不能由单条指令的经验 ASR 直接区分。",
  "scores": "outputs/alternative_asr/all_14_datasets/alternative_asr_scores.jsonl",
  "all": {
    "n": 88683,
    "totQA_values": [
      20
    ],
    "unique_asr_count": 21,
    "min_nonzero_step": 0.05,
    "asr_mean": 0.6193469999887239,
    "asr_std": 0.40311212354901665,
    "zero_asr_fraction": 0.1690515656890272,
    "one_asr_fraction": 0.3295332814631891,
    "low_asr_le_0_05_fraction": 0.20425560704982917,
    "low_asr_le_0_10_fraction": 0.2300666418592064,
    "median_ci_width": 0.20536960366783857,
    "mean_ci_width": 0.2158423933964334,
    "zero_asr_95_upper_mean": 0.11663898290487536,
    "one_asr_95_lower_mean": 0.8833610170951244,
    "tx_histogram": {
      "0": 14992,
      "1": 3122,
      "2": 2289,
      "3": 1923,
      "4": 1789,
      "5": 1707,
      "6": 1563,
      "7": 1550,
      "8": 1493,
      "9": 1479,
      "10": 1432,
      "11": 1616,
      "12": 1599,
      "13": 1717,
      "14": 1936,
      "15": 2186,
      "16": 2540,
      "17": 3239,
      "18": 4267,
      "19": 7020,
      "20": 29224
    }
  },
  "by_family": {
    "hb": {
      "n": 8800,
      "totQA_values": [
        20
      ],
      "unique_asr_count": 21,
      "min_nonzero_step": 0.05,
      "asr_mean": 0.6894715909090909,
      "asr_std": 0.3597974561057878,
      "zero_asr_fraction": 0.11602272727272728,
      "one_asr_fraction": 0.3121590909090909,
      "low_asr_le_0_05_fraction": 0.13147727272727272,
      "low_asr_le_0_10_fraction": 0.14772727272727273,
      "median_ci_width": 0.20536960366783863,
      "mean_ci_width": 0.23115565008720404,
      "zero_asr_95_upper_mean": 0.11663898290487534,
      "one_asr_95_lower_mean": 0.8833610170951244,
      "tx_histogram": {
        "0": 1021,
        "1": 136,
        "2": 143,
        "3": 145,
        "4": 148,
        "5": 159,
        "6": 135,
        "7": 144,
        "8": 146,
        "9": 153,
        "10": 150,
        "11": 200,
        "12": 182,
        "13": 219,
        "14": 260,
        "15": 353,
        "16": 379,
        "17": 459,
        "18": 632,
        "19": 889,
        "20": 2747
      }
    },
    "jbb": {
      "n": 79883,
      "totQA_values": [
        20
      ],
      "unique_asr_count": 21,
      "min_nonzero_step": 0.05,
      "asr_mean": 0.6116219971708623,
      "asr_std": 0.40686396863134905,
      "zero_asr_fraction": 0.17489328142408272,
      "one_asr_fraction": 0.33144724159082656,
      "low_asr_le_0_05_fraction": 0.21227294918818773,
      "low_asr_le_0_10_fraction": 0.23913723821088342,
      "median_ci_width": 0.11661473642641618,
      "mean_ci_width": 0.21415546803210328,
      "zero_asr_95_upper_mean": 0.11663898290487534,
      "one_asr_95_lower_mean": 0.8833610170951244,
      "tx_histogram": {
        "0": 13971,
        "1": 2986,
        "2": 2146,
        "3": 1778,
        "4": 1641,
        "5": 1548,
        "6": 1428,
        "7": 1406,
        "8": 1347,
        "9": 1326,
        "10": 1282,
        "11": 1416,
        "12": 1417,
        "13": 1498,
        "14": 1676,
        "15": 1833,
        "16": 2161,
        "17": 2780,
        "18": 3635,
        "19": 6131,
        "20": 26477
      }
    }
  },
  "by_dataset": {
    "hb-4omini-ofa": {
      "n": 2200,
      "totQA_values": [
        20
      ],
      "unique_asr_count": 21,
      "min_nonzero_step": 0.05,
      "asr_mean": 0.6702500000000001,
      "asr_std": 0.3513191779176412,
      "zero_asr_fraction": 0.11318181818181818,
      "one_asr_fraction": 0.25363636363636366,
      "low_asr_le_0_05_fraction": 0.12454545454545454,
      "low_asr_le_0_10_fraction": 0.13818181818181818,
      "median_ci_width": 0.26248076928177766,
      "mean_ci_width": 0.24749041421019363,
      "zero_asr_95_upper_mean": 0.11663898290487539,
      "one_asr_95_lower_mean": 0.8833610170951244,
      "tx_histogram": {
        "0": 249,
        "1": 25,
        "2": 30,
        "3": 33,
        "4": 45,
        "5": 46,
        "6": 48,
        "7": 54,
        "8": 42,
        "9": 46,
        "10": 42,
        "11": 57,
        "12": 49,
        "13": 63,
        "14": 82,
        "15": 104,
        "16": 110,
        "17": 130,
        "18": 164,
        "19": 223,
        "20": 558
      }
    },
    "hb-deepseek-ofa": {
      "n": 2200,
      "totQA_values": [
        20
      ],
      "unique_asr_count": 21,
      "min_nonzero_step": 0.05,
      "asr_mean": 0.8634999999999999,
      "asr_std": 0.23669029438180486,
      "zero_asr_fraction": 0.005909090909090909,
      "one_asr_fraction": 0.5595454545454546,
      "low_asr_le_0_05_fraction": 0.015,
      "low_asr_le_0_10_fraction": 0.02590909090909091,
      "median_ci_width": 0.11661473642641618,
      "mean_ci_width": 0.20083582341614692,
      "zero_asr_95_upper_mean": 0.11663898290487536,
      "one_asr_95_lower_mean": 0.8833610170951247,
      "tx_histogram": {
        "0": 13,
        "1": 20,
        "2": 24,
        "3": 25,
        "4": 14,
        "5": 19,
        "6": 14,
        "7": 21,
        "8": 25,
        "9": 29,
        "10": 32,
        "11": 39,
        "12": 38,
        "13": 48,
        "14": 47,
        "15": 62,
        "16": 73,
        "17": 81,
        "18": 129,
        "19": 216,
        "20": 1231
      }
    },
    "hb-llama-ofa": {
      "n": 2200,
      "totQA_values": [
        20
      ],
      "unique_asr_count": 21,
      "min_nonzero_step": 0.05,
      "asr_mean": 0.6599545454545455,
      "asr_std": 0.3592587036046621,
      "zero_asr_fraction": 0.10727272727272727,
      "one_asr_fraction": 0.23954545454545453,
      "low_asr_le_0_05_fraction": 0.12727272727272726,
      "low_asr_le_0_10_fraction": 0.15227272727272728,
      "median_ci_width": 0.26248076928177766,
      "mean_ci_width": 0.2463291887466064,
      "zero_asr_95_upper_mean": 0.11663898290487536,
      "one_asr_95_lower_mean": 0.8833610170951244,
      "tx_histogram": {
        "0": 236,
        "1": 44,
        "2": 55,
        "3": 57,
        "4": 48,
        "5": 50,
        "6": 44,
        "7": 35,
        "8": 36,
        "9": 35,
        "10": 35,
        "11": 57,
        "12": 53,
        "13": 59,
        "14": 72,
        "15": 100,
        "16": 96,
        "17": 140,
        "18": 184,
        "19": 237,
        "20": 527
      }
    },
    "hb-qwen-ofa": {
      "n": 2200,
      "totQA_values": [
        20
      ],
      "unique_asr_count": 21,
      "min_nonzero_step": 0.05,
      "asr_mean": 0.5641818181818182,
      "asr_std": 0.40258964403919195,
      "zero_asr_fraction": 0.23772727272727273,
      "one_asr_fraction": 0.19590909090909092,
      "low_asr_le_0_05_fraction": 0.2590909090909091,
      "low_asr_le_0_10_fraction": 0.27454545454545454,
      "median_ci_width": 0.20536960366783863,
      "mean_ci_width": 0.22996717397586924,
      "zero_asr_95_upper_mean": 0.11663898290487536,
      "one_asr_95_lower_mean": 0.8833610170951245,
      "tx_histogram": {
        "0": 523,
        "1": 47,
        "2": 34,
        "3": 30,
        "4": 41,
        "5": 44,
        "6": 29,
        "7": 34,
        "8": 43,
        "9": 43,
        "10": 41,
        "11": 47,
        "12": 42,
        "13": 49,
        "14": 59,
        "15": 87,
        "16": 100,
        "17": 108,
        "18": 155,
        "19": 213,
        "20": 431
      }
    },
    "jbb-4omini-drattack": {
      "n": 8000,
      "totQA_values": [
        20
      ],
      "unique_asr_count": 21,
      "min_nonzero_step": 0.05,
      "asr_mean": 0.6260812499999999,
      "asr_std": 0.4093272906836746,
      "zero_asr_fraction": 0.194875,
      "one_asr_fraction": 0.357,
      "low_asr_le_0_05_fraction": 0.21875,
      "low_asr_le_0_10_fraction": 0.239375,
      "median_ci_width": 0.11661473642641618,
      "mean_ci_width": 0.20638139655143456,
      "zero_asr_95_upper_mean": 0.11663898290487537,
      "one_asr_95_lower_mean": 0.8833610170951245,