{
  "说明": "基线先使用长度/拒绝/格式手工特征；文本模型只拟合训练残差。",
  "scores": "outputs/alternative_asr/all_14_datasets/alternative_asr_scores.jsonl",
  "sample_size": 1,
  "targets": [
    "asr",
    "hazard_weighted_asr",
    "alr"
  ],
  "text_cleaning": "mask_refusal_hazard_terms",
  "feature_set": "长度拒绝格式",
  "train_datasets": [
    "jbb-llama-ofa"
  ],
  "test_datasets": [
    "jbb-deepseek-ofa"
  ],
  "train_records": 6000,
  "test_records": 2000,
  "results": {
    "asr": {
      "仅长度格式基线": {
        "合并": {
          "n": 2000,
          "pearson": 0.44206669066546855,
          "spearman": 0.2420421910386488,
          "mae": 0.3000808000385761,
          "r2": -0.24405332237424582,
          "同题序关系准确率": 0.5854924782073262,
          "按问题宏平均序准确率": 0.6014671142883938
        },
        "jbb-deepseek-ofa": {
          "n": 2000,
          "pearson": 0.44206669066546855,
          "spearman": 0.2420421910386488,
          "mae": 0.3000808000385761,
          "r2": -0.24405332237424582,
          "同题序关系准确率": 0.5854924782073262,
          "按问题宏平均序准确率": 0.6014671142883938
        }
      },
      "仅response文本": {
        "合并": {
          "n": 2000,
          "pearson": 0.7261592538781894,
          "spearman": 0.5855006200941228,
          "mae": 0.17674010339330912,
          "r2": 0.4103049583397349,
          "同题序关系准确率": 0.6142515635187018,
          "按问题宏平均序准确率": 0.6277320719655155
        },
        "jbb-deepseek-ofa": {
          "n": 2000,
          "pearson": 0.7261592538781894,
          "spearman": 0.5855006200941228,
          "mae": 0.17674010339330912,
          "r2": 0.4103049583397349,
          "同题序关系准确率": 0.6142515635187018,
          "按问题宏平均序准确率": 0.6277320719655155
        }
      },
      "长度格式基线_plus_文本残差": {
        "合并": {
          "n": 2000,
          "pearson": 0.63933949284083,
          "spearman": 0.5063808291022754,
          "mae": 0.23542585354413112,
          "r2": 0.17503553192350896,
          "同题序关系准确率": 0.5989182140873639,
          "按问题宏平均序准确率": 0.6256160545955621
        },
        "jbb-deepseek-ofa": {
          "n": 2000,
          "pearson": 0.63933949284083,
          "spearman": 0.5063808291022754,
          "mae": 0.23542585354413112,
          "r2": 0.17503553192350896,
          "同题序关系准确率": 0.5989182140873639,
          "按问题宏平均序准确率": 0.6256160545955621
        }
      },
      "残差本身": {
        "合并": {
          "n": 2000,
          "pearson": 0.5467228531766071,
          "spearman": 0.6188032667008166,
          "mae": 0.23542585354413115,
          "r2": -0.01780459246778987,
          "同题序关系准确率": 0.6009494949494949,
          "按问题宏平均序准确率": 0.6009494949494949
        },
        "jbb-deepseek-ofa": {
          "n": 2000,
          "pearson": 0.5467228531766071,
          "spearman": 0.6188032667008166,
          "mae": 0.23542585354413115,
          "r2": -0.01780459246778987,
          "同题序关系准确率": 0.6009494949494949,
          "按问题宏平均序准确率": 0.6009494949494949
        }
      }
    },
    "hazard_weighted_asr": {
      "仅长度格式基线": {
        "合并": {
          "n": 2000,
          "pearson": 0.3355699391269391,
          "spearman": 0.15674566017325764,
          "mae": 0.3714768780646777,
          "r2": -0.4791330760153474,
          "同题序关系准确率": 0.5275804906240019,
          "按问题宏平均序准确率": 0.5391378085242704
        },
        "jbb-deepseek-ofa": {
          "n": 2000,
          "pearson": 0.3355699391269391,
          "spearman": 0.15674566017325764,
          "mae": 0.3714768780646777,
          "r2": -0.4791330760153474,
          "同题序关系准确率": 0.5275804906240019,
          "按问题宏平均序准确率": 0.5391378085242704
        }
      },
      "仅response文本": {
        "合并": {
          "n": 2000,
          "pearson": 0.6973233905716998,
          "spearman": 0.6520683238602095,
          "mae": 0.23911397907864074,
          "r2": 0.34377323145966165,
          "同题序关系准确率": 0.6005505452222712,
          "按问题宏平均序准确率": 0.5998148574085757
        },
        "jbb-deepseek-ofa": {
          "n": 2000,
          "pearson": 0.6973233905716998,
          "spearman": 0.6520683238602095,
          "mae": 0.23911397907864074,
          "r2": 0.34377323145966165,
          "同题序关系准确率": 0.6005505452222712,
          "按问题宏平均序准确率": 0.5998148574085757
        }
      },
      "长度格式基线_plus_文本残差": {
        "合并": {
          "n": 2000,
          "pearson": 0.6353889254370313,
          "spearman": 0.5725016646206877,
          "mae": 0.2870658734509838,
          "r2": 0.08706479954579194,
          "同题序关系准确率": 0.5672897054126808,
          "按问题宏平均序准确率": 0.5761805899715238
        },
        "jbb-deepseek-ofa": {
          "n": 2000,
          "pearson": 0.6353889254370313,
          "spearman": 0.5725016646206877,
          "mae": 0.2870658734509838,
          "r2": 0.08706479954579194,
          "同题序关系准确率": 0.5672897054126808,
          "按问题宏平均序准确率": 0.5761805899715238
        }
      },
      "残差本身": {
        "合并": {
          "n": 2000,
          "pearson": 0.603455551267249,
          "spearman": 0.681224036306009,
          "mae": 0.2870658734509838,
          "r2": -0.02384333741914335,
          "同题序关系准确率": 0.6130505050505051,
          "按问题宏平均序准确率": 0.6130505050505051
        },
        "jbb-deepseek-ofa": {
          "n": 2000,
          "pearson": 0.603455551267249,
          "spearman": 0.681224036306009,
          "mae": 0.2870658734509838,
          "r2": -0.02384333741914335,
          "同题序关系准确率": 0.6130505050505051,
          "按问题宏平均序准确率": 0.6130505050505051
        }
      }
    },
    "alr": {
      "仅长度格式基线": {
        "合并": {
          "n": 2000,
          "pearson": 0.46663783461769004,
          "spearman": 0.4042011608247678,
          "mae": 0.14966174978017807,
          "r2": -9.452752316888317,
          "同题序关系准确率": 0.764668121710104,
          "按问题宏平均序准确率": 0.8172186012577521
        },
        "jbb-deepseek-ofa": {
          "n": 2000,
          "pearson": 0.46663783461769004,
          "spearman": 0.4042011608247678,
          "mae": 0.14966174978017807,
          "r2": -9.452752316888317,
          "同题序关系准确率": 0.764668121710104,
          "按问题宏平均序准确率": 0.8172186012577521
        }
      },
      "仅response文本": {
        "合并": {
          "n": 2000,
          "pearson": 0.5707372568647728,
          "spearman": 0.3845248482989876,
          "mae": 0.04507196080022158,
          "r2": -0.4435706789456437,
          "同题序关系准确率": 0.7058672486840416,
          "按问题宏平均序准确率": 0.7037362334367367
        },
        "jbb-deepseek-ofa": {
          "n": 2000,
          "pearson": 0.5707372568647728,
          "spearman": 0.3845248482989876,
          "mae": 0.04507196080022158,
          "r2": -0.4435706789456437,
          "同题序关系准确率": 0.7058672486840416,
          "按问题宏平均序准确率": 0.7037362334367367
        }
      },
      "长度格式基线_plus_文本残差": {
        "合并": {
          "n": 2000,
          "pearson": 0.4932963020608042,
          "spearman": 0.40765747377959993,
          "mae": 0.13019348510255901,
          "r2": -8.051500553736407,
          "同题序关系准确率": 0.740467325715753,
          "按问题宏平均序准确率": 0.7958373617408685
        },
        "jbb-deepseek-ofa": {
          "n": 2000,
          "pearson": 0.4932963020608042,
          "spearman": 0.40765747377959993,
          "mae": 0.13019348510255901,
          "r2": -8.051500553736407,
          "同题序关系准确率": 0.740467325715753,
          "按问题宏平均序准确率": 0.7958373617408685
        }
      },
      "残差本身": {
        "合并": {
          "n": 2000,
          "pearson": 0.40666037226757334,
          "spearman": 0.4790062281811844,
          "mae": 0.13019348510255901,
          "r2": 0.13196660837793783,
          "同题序关系准确率": 0.6865252525252525,
          "按问题宏平均序准确率": 0.6865252525252525
        },
        "jbb-deepseek-ofa": {
          "n": 2000,
          "pearson": 0.40666037226757334,
          "spearman": 0.4790062281811844,
          "mae": 0.13019348510255901,
          "r2": 0.13196660837793783,
          "同题序关系准确率": 0.6865252525252525,