{
  "说明": "基线先使用长度/拒绝/格式手工特征；文本模型只拟合训练残差。",
  "scores": "outputs/alternative_asr/all_14_datasets/alternative_asr_scores.jsonl",
  "sample_size": 1,
  "targets": [
    "asr",
    "hazard_weighted_asr",
    "alr"
  ],
  "text_cleaning": "mask_refusal_hazard_terms",
  "feature_set": "长度拒绝格式",
  "train_datasets": [
    "jbb-qwen-ofa"
  ],
  "test_datasets": [
    "jbb-llama-ofa"
  ],
  "train_records": 6000,
  "test_records": 2000,
  "results": {
    "asr": {
      "仅长度格式基线": {
        "合并": {
          "n": 2000,
          "pearson": 0.3471181757825652,
          "spearman": 0.3750800791576933,
          "mae": 0.3689778154581785,
          "r2": -0.010672468275531477,
          "同题序关系准确率": 0.5973901563330167,
          "按问题宏平均序准确率": 0.5878947575120608
        },
        "jbb-llama-ofa": {
          "n": 2000,
          "pearson": 0.3471181757825652,
          "spearman": 0.3750800791576933,
          "mae": 0.3689778154581785,
          "r2": -0.010672468275531477,
          "同题序关系准确率": 0.5973901563330167,
          "按问题宏平均序准确率": 0.5878947575120608
        }
      },
      "仅response文本": {
        "合并": {
          "n": 2000,
          "pearson": 0.6915376765503248,
          "spearman": 0.6863210676185127,
          "mae": 0.34592040398153057,
          "r2": 0.06006604086813938,
          "同题序关系准确率": 0.6551657516381961,
          "按问题宏平均序准确率": 0.6502427219678846
        },
        "jbb-llama-ofa": {
          "n": 2000,
          "pearson": 0.6915376765503248,
          "spearman": 0.6863210676185127,
          "mae": 0.34592040398153057,
          "r2": 0.06006604086813938,
          "同题序关系准确率": 0.6551657516381961,
          "按问题宏平均序准确率": 0.6502427219678846
        }
      },
      "长度格式基线_plus_文本残差": {
        "合并": {
          "n": 2000,
          "pearson": 0.4504471684524939,
          "spearman": 0.5257774814639877,
          "mae": 0.34743422784280004,
          "r2": 0.08038894225043491,
          "同题序关系准确率": 0.6033552832831544,
          "按问题宏平均序准确率": 0.6068726781279746
        },
        "jbb-llama-ofa": {
          "n": 2000,
          "pearson": 0.4504471684524939,
          "spearman": 0.5257774814639877,
          "mae": 0.34743422784280004,
          "r2": 0.08038894225043491,
          "同题序关系准确率": 0.6033552832831544,
          "按问题宏平均序准确率": 0.6068726781279746
        }
      },
      "残差本身": {
        "合并": {
          "n": 2000,
          "pearson": 0.31399221652801657,
          "spearman": 0.40278034531055923,
          "mae": 0.34743422784280004,
          "r2": -0.033073407017764955,
          "同题序关系准确率": 0.5827036961404942,
          "按问题宏平均序准确率": 0.583025046261268
        },
        "jbb-llama-ofa": {
          "n": 2000,
          "pearson": 0.31399221652801657,
          "spearman": 0.40278034531055923,
          "mae": 0.34743422784280004,
          "r2": -0.033073407017764955,
          "同题序关系准确率": 0.5827036961404942,
          "按问题宏平均序准确率": 0.583025046261268
        }
      }
    },
    "hazard_weighted_asr": {
      "仅长度格式基线": {
        "合并": {
          "n": 2000,
          "pearson": 0.2190638533863523,
          "spearman": 0.2548796841146595,
          "mae": 0.35447713763164745,
          "r2": -0.08476500062113201,
          "同题序关系准确率": 0.5687455954897815,
          "按问题宏平均序准确率": 0.57013164192278
        },
        "jbb-llama-ofa": {
          "n": 2000,
          "pearson": 0.2190638533863523,
          "spearman": 0.2548796841146595,
          "mae": 0.35447713763164745,
          "r2": -0.08476500062113201,
          "同题序关系准确率": 0.5687455954897815,
          "按问题宏平均序准确率": 0.57013164192278
        }
      },
      "仅response文本": {
        "合并": {
          "n": 2000,
          "pearson": 0.6453046401453276,
          "spearman": 0.6583657118531285,
          "mae": 0.3234843599799756,
          "r2": 0.03568109081765858,
          "同题序关系准确率": 0.6215057552266855,
          "按问题宏平均序准确率": 0.6236137730500145
        },
        "jbb-llama-ofa": {
          "n": 2000,
          "pearson": 0.6453046401453276,
          "spearman": 0.6583657118531285,
          "mae": 0.3234843599799756,
          "r2": 0.03568109081765858,
          "同题序关系准确率": 0.6215057552266855,
          "按问题宏平均序准确率": 0.6236137730500145
        }
      },
      "长度格式基线_plus_文本残差": {
        "合并": {
          "n": 2000,
          "pearson": 0.3809450006678009,
          "spearman": 0.4340672715007153,
          "mae": 0.3333637375628519,
          "r2": 0.029195014167220368,
          "同题序关系准确率": 0.5763683345078694,
          "按问题宏平均序准确率": 0.5779708855338054
        },
        "jbb-llama-ofa": {
          "n": 2000,
          "pearson": 0.3809450006678009,
          "spearman": 0.4340672715007153,
          "mae": 0.3333637375628519,
          "r2": 0.029195014167220368,
          "同题序关系准确率": 0.5763683345078694,
          "按问题宏平均序准确率": 0.5779708855338054
        }
      },
      "残差本身": {
        "合并": {
          "n": 2000,
          "pearson": 0.3619806716112883,
          "spearman": 0.3890063057095708,
          "mae": 0.3333637375628519,
          "r2": 0.02806191358684429,
          "同题序关系准确率": 0.5829641274832071,
          "按问题宏平均序准确率": 0.5834436378037502
        },
        "jbb-llama-ofa": {
          "n": 2000,
          "pearson": 0.3619806716112883,
          "spearman": 0.3890063057095708,
          "mae": 0.3333637375628519,
          "r2": 0.02806191358684429,
          "同题序关系准确率": 0.5829641274832071,
          "按问题宏平均序准确率": 0.5834436378037502
        }
      }
    },
    "alr": {
      "仅长度格式基线": {
        "合并": {
          "n": 2000,
          "pearson": 0.6724843528222609,
          "spearman": 0.6271812949214647,
          "mae": 0.22911954928040504,
          "r2": 0.2457573214385943,
          "同题序关系准确率": 0.7260385098111244,
          "按问题宏平均序准确率": 0.7728756473484489
        },
        "jbb-llama-ofa": {
          "n": 2000,
          "pearson": 0.6724843528222609,
          "spearman": 0.6271812949214647,
          "mae": 0.22911954928040504,
          "r2": 0.2457573214385943,
          "同题序关系准确率": 0.7260385098111244,
          "按问题宏平均序准确率": 0.7728756473484489
        }
      },
      "仅response文本": {
        "合并": {
          "n": 2000,
          "pearson": 0.9145790849827201,
          "spearman": 0.6983556321963202,
          "mae": 0.1353864899242349,
          "r2": 0.7165594251264706,
          "同题序关系准确率": 0.7657115743716901,
          "按问题宏平均序准确率": 0.8117431781692072
        },
        "jbb-llama-ofa": {
          "n": 2000,
          "pearson": 0.9145790849827201,
          "spearman": 0.6983556321963202,
          "mae": 0.1353864899242349,
          "r2": 0.7165594251264706,
          "同题序关系准确率": 0.7657115743716901,
          "按问题宏平均序准确率": 0.8117431781692072
        }
      },
      "长度格式基线_plus_文本残差": {
        "合并": {
          "n": 2000,
          "pearson": 0.6786055438949948,
          "spearman": 0.6486552215389866,
          "mae": 0.21523256187053388,
          "r2": 0.1823049677353984,
          "同题序关系准确率": 0.7317935531270089,
          "按问题宏平均序准确率": 0.7683510481068144
        },
        "jbb-llama-ofa": {
          "n": 2000,
          "pearson": 0.6786055438949948,
          "spearman": 0.6486552215389866,
          "mae": 0.21523256187053388,
          "r2": 0.1823049677353984,
          "同题序关系准确率": 0.7317935531270089,
          "按问题宏平均序准确率": 0.7683510481068144
        }
      },
      "残差本身": {
        "合并": {
          "n": 2000,
          "pearson": -0.012739319323881577,
          "spearman": 0.13122833298514291,
          "mae": 0.21523256187053388,
          "r2": -0.14799452292104087,
          "同题序关系准确率": 0.6029603189130921,
          "按问题宏平均序准确率": 0.6027242380419733
        },
        "jbb-llama-ofa": {
          "n": 2000,
          "pearson": -0.012739319323881577,
          "spearman": 0.13122833298514291,
          "mae": 0.21523256187053388,
          "r2": -0.14799452292104087,
          "同题序关系准确率": 0.6029603189130921,
          "按问题宏平均序准确率": 0.6027242380419733
        }
      }
    }
  }
}