{
  "说明": "基线先使用长度/拒绝/格式手工特征；文本模型只拟合训练残差。",
  "scores": "outputs/alternative_asr/all_14_datasets/alternative_asr_scores.jsonl",
  "sample_size": 1,
  "targets": [
    "asr",
    "hazard_weighted_asr",
    "alr"
  ],
  "text_cleaning": "mask_refusal_hazard_terms",
  "feature_set": "长度拒绝格式",
  "train_datasets": [
    "jbb-qwen-ofa"
  ],
  "test_datasets": [
    "jbb-qwen-ofa"
  ],
  "train_records": 6000,
  "test_records": 2000,
  "results": {
    "asr": {
      "仅长度格式基线": {
        "合并": {
          "n": 2000,
          "pearson": 0.38769241706441704,
          "spearman": 0.36835719808576467,
          "mae": 0.3385873431295157,
          "r2": 0.1284827614253541,
          "同题序关系准确率": 0.5963568044437183,
          "按问题宏平均序准确率": 0.6044242585418507
        },
        "jbb-qwen-ofa": {
          "n": 2000,
          "pearson": 0.38769241706441704,
          "spearman": 0.36835719808576467,
          "mae": 0.3385873431295157,
          "r2": 0.1284827614253541,
          "同题序关系准确率": 0.5963568044437183,
          "按问题宏平均序准确率": 0.6044242585418507
        }
      },
      "仅response文本": {
        "合并": {
          "n": 2000,
          "pearson": 0.6661089463895972,
          "spearman": 0.6994679930424362,
          "mae": 0.2731808560880554,
          "r2": 0.4305427316807614,
          "同题序关系准确率": 0.6842019277895769,
          "按问题宏平均序准确率": 0.6891367665406177
        },
        "jbb-qwen-ofa": {
          "n": 2000,
          "pearson": 0.6661089463895972,
          "spearman": 0.6994679930424362,
          "mae": 0.2731808560880554,
          "r2": 0.4305427316807614,
          "同题序关系准确率": 0.6842019277895769,
          "按问题宏平均序准确率": 0.6891367665406177
        }
      },
      "长度格式基线_plus_文本残差": {
        "合并": {
          "n": 2000,
          "pearson": 0.6284996090081691,
          "spearman": 0.6627834179932666,
          "mae": 0.27245728716457035,
          "r2": 0.3926227343406036,
          "同题序关系准确率": 0.6701192615585688,
          "按问题宏平均序准确率": 0.6863098822305168
        },
        "jbb-qwen-ofa": {
          "n": 2000,
          "pearson": 0.6284996090081691,
          "spearman": 0.6627834179932666,
          "mae": 0.27245728716457035,
          "r2": 0.3926227343406036,
          "同题序关系准确率": 0.6701192615585688,
          "按问题宏平均序准确率": 0.6863098822305168
        }
      },
      "残差本身": {
        "合并": {
          "n": 2000,
          "pearson": 0.584949782457788,
          "spearman": 0.5868167766842194,
          "mae": 0.27245728716457035,
          "r2": 0.3021332371645076,
          "同题序关系准确率": 0.6292597876050087,
          "按问题宏平均序准确率": 0.6275236899323298
        },
        "jbb-qwen-ofa": {
          "n": 2000,
          "pearson": 0.584949782457788,
          "spearman": 0.5868167766842194,
          "mae": 0.27245728716457035,
          "r2": 0.3021332371645076,
          "同题序关系准确率": 0.6292597876050087,
          "按问题宏平均序准确率": 0.6275236899323298
        }
      }
    },
    "hazard_weighted_asr": {
      "仅长度格式基线": {
        "合并": {
          "n": 2000,
          "pearson": 0.3297290950951234,
          "spearman": 0.3679526614589652,
          "mae": 0.31468006888197364,
          "r2": 0.08358395293987186,
          "同题序关系准确率": 0.5754046446164672,
          "按问题宏平均序准确率": 0.5874539512253982
        },
        "jbb-qwen-ofa": {
          "n": 2000,
          "pearson": 0.3297290950951234,
          "spearman": 0.3679526614589652,
          "mae": 0.31468006888197364,
          "r2": 0.08358395293987186,
          "同题序关系准确率": 0.5754046446164672,
          "按问题宏平均序准确率": 0.5874539512253982
        }
      },
      "仅response文本": {
        "合并": {
          "n": 2000,
          "pearson": 0.6519866864900009,
          "spearman": 0.6965991929024502,
          "mae": 0.24949676832471568,
          "r2": 0.39866080441969953,
          "同题序关系准确率": 0.6695073891625616,
          "按问题宏平均序准确率": 0.6655784464610631
        },
        "jbb-qwen-ofa": {
          "n": 2000,
          "pearson": 0.6519866864900009,
          "spearman": 0.6965991929024502,
          "mae": 0.24949676832471568,
          "r2": 0.39866080441969953,
          "同题序关系准确率": 0.6695073891625616,
          "按问题宏平均序准确率": 0.6655784464610631
        }
      },
      "长度格式基线_plus_文本残差": {
        "合并": {
          "n": 2000,
          "pearson": 0.5966661327309177,
          "spearman": 0.6590140719936257,
          "mae": 0.2499102219518632,
          "r2": 0.3558646248760944,
          "同题序关系准确率": 0.6505207600281492,
          "按问题宏平均序准确率": 0.6618023541720752
        },
        "jbb-qwen-ofa": {
          "n": 2000,
          "pearson": 0.5966661327309177,
          "spearman": 0.6590140719936257,
          "mae": 0.2499102219518632,
          "r2": 0.3558646248760944,
          "同题序关系准确率": 0.6505207600281492,
          "按问题宏平均序准确率": 0.6618023541720752
        }
      },
      "残差本身": {
        "合并": {
          "n": 2000,
          "pearson": 0.5954581573266889,
          "spearman": 0.6022464520313375,
          "mae": 0.2499102219518632,
          "r2": 0.296953798658514,
          "同题序关系准确率": 0.632655325443787,
          "按问题宏平均序准确率": 0.6293222314062885
        },
        "jbb-qwen-ofa": {
          "n": 2000,
          "pearson": 0.5954581573266889,
          "spearman": 0.6022464520313375,
          "mae": 0.2499102219518632,
          "r2": 0.296953798658514,
          "同题序关系准确率": 0.632655325443787,
          "按问题宏平均序准确率": 0.6293222314062885
        }
      }
    },
    "alr": {
      "仅长度格式基线": {
        "合并": {
          "n": 2000,
          "pearson": 0.9432635018238096,
          "spearman": 0.6425073160062723,
          "mae": 0.07072061024904251,
          "r2": 0.8875649227087345,
          "同题序关系准确率": 0.8134377467754672,
          "按问题宏平均序准确率": 0.8326914917062097
        },
        "jbb-qwen-ofa": {
          "n": 2000,
          "pearson": 0.9432635018238096,
          "spearman": 0.6425073160062723,
          "mae": 0.07072061024904251,
          "r2": 0.8875649227087345,
          "同题序关系准确率": 0.8134377467754672,
          "按问题宏平均序准确率": 0.8326914917062097
        }
      },
      "仅response文本": {
        "合并": {
          "n": 2000,
          "pearson": 0.9673662755578638,
          "spearman": 0.6631716686844167,
          "mae": 0.05084668522342147,
          "r2": 0.9319484251598177,
          "同题序关系准确率": 0.8148854961832062,
          "按问题宏平均序准确率": 0.8191807295024577
        },
        "jbb-qwen-ofa": {
          "n": 2000,
          "pearson": 0.9673662755578638,
          "spearman": 0.6631716686844167,
          "mae": 0.05084668522342147,
          "r2": 0.9319484251598177,
          "同题序关系准确率": 0.8148854961832062,
          "按问题宏平均序准确率": 0.8191807295024577
        }
      },
      "长度格式基线_plus_文本残差": {
        "合并": {
          "n": 2000,
          "pearson": 0.9686627658710929,
          "spearman": 0.6658966785037127,
          "mae": 0.05407362040045067,
          "r2": 0.9366453078686401,
          "同题序关系准确率": 0.8216635956830745,
          "按问题宏平均序准确率": 0.8519783059996715
        },
        "jbb-qwen-ofa": {
          "n": 2000,
          "pearson": 0.9686627658710929,
          "spearman": 0.6658966785037127,
          "mae": 0.05407362040045067,
          "r2": 0.9366453078686401,
          "同题序关系准确率": 0.8216635956830745,
          "按问题宏平均序准确率": 0.8519783059996715
        }
      },
      "残差本身": {
        "合并": {
          "n": 2000,
          "pearson": 0.6711193380276084,
          "spearman": 0.5214312379500329,
          "mae": 0.054073620400450675,
          "r2": 0.436365168011447,
          "同题序关系准确率": 0.676920993416118,
          "按问题宏平均序准确率": 0.6742391610216476
        },
        "jbb-qwen-ofa": {
          "n": 2000,
          "pearson": 0.6711193380276084,
          "spearman": 0.5214312379500329,
          "mae": 0.054073620400450675,
          "r2": 0.436365168011447,
          "同题序关系准确率": 0.676920993416118,
          "按问题宏平均序准确率": 0.6742391610216476
        }
      }
    }
  }
}