{
  "说明": "基线先使用长度/拒绝/格式手工特征；文本模型只拟合训练残差。",
  "scores": "outputs/alternative_asr/all_14_datasets/alternative_asr_scores.jsonl",
  "sample_size": 1,
  "targets": [
    "asr",
    "hazard_weighted_asr",
    "alr"
  ],
  "text_cleaning": "mask_refusal_hazard_terms",
  "feature_set": "长度拒绝格式",
  "train_datasets": [
    "hb-deepseek-ofa"
  ],
  "test_datasets": [
    "hb-deepseek-ofa"
  ],
  "train_records": 1500,
  "test_records": 700,
  "results": {
    "asr": {
      "仅长度格式基线": {
        "合并": {
          "n": 700,
          "pearson": 0.8121664495601457,
          "spearman": 0.49077167667367033,
          "mae": 0.11792824407986233,
          "r2": 0.6227074694474322,
          "同题序关系准确率": 0.6305753070458953,
          "按问题宏平均序准确率": 0.6384107125498205
        },
        "hb-deepseek-ofa": {
          "n": 700,
          "pearson": 0.8121664495601457,
          "spearman": 0.49077167667367033,
          "mae": 0.11792824407986233,
          "r2": 0.6227074694474322,
          "同题序关系准确率": 0.6305753070458953,
          "按问题宏平均序准确率": 0.6384107125498205
        }
      },
      "仅response文本": {
        "合并": {
          "n": 700,
          "pearson": 0.7986091116829696,
          "spearman": 0.5897042401789355,
          "mae": 0.1332832013907424,
          "r2": 0.497795002272994,
          "同题序关系准确率": 0.6550851109674639,
          "按问题宏平均序准确率": 0.6253485533356822
        },
        "hb-deepseek-ofa": {
          "n": 700,
          "pearson": 0.7986091116829696,
          "spearman": 0.5897042401789355,
          "mae": 0.1332832013907424,
          "r2": 0.497795002272994,
          "同题序关系准确率": 0.6550851109674639,
          "按问题宏平均序准确率": 0.6253485533356822
        }
      },
      "长度格式基线_plus_文本残差": {
        "合并": {
          "n": 700,
          "pearson": 0.808963112867866,
          "spearman": 0.5194029291040514,
          "mae": 0.11906595207503946,
          "r2": 0.6124077724642516,
          "同题序关系准确率": 0.6369855634561516,
          "按问题宏平均序准确率": 0.649124064079281
        },
        "hb-deepseek-ofa": {
          "n": 700,
          "pearson": 0.808963112867866,
          "spearman": 0.5194029291040514,
          "mae": 0.11906595207503946,
          "r2": 0.6124077724642516,
          "同题序关系准确率": 0.6369855634561516,
          "按问题宏平均序准确率": 0.649124064079281
        }
      },
      "残差本身": {
        "合并": {
          "n": 700,
          "pearson": 0.03789091364224746,
          "spearman": 0.0983071394023253,
          "mae": 0.11906595207503946,
          "r2": -0.13868534348731187,
          "同题序关系准确率": 0.5547763347763348,
          "按问题宏平均序准确率": 0.5547763347763347
        },
        "hb-deepseek-ofa": {
          "n": 700,
          "pearson": 0.03789091364224746,
          "spearman": 0.0983071394023253,
          "mae": 0.11906595207503946,
          "r2": -0.13868534348731187,
          "同题序关系准确率": 0.5547763347763348,
          "按问题宏平均序准确率": 0.5547763347763347
        }
      }
    },
    "hazard_weighted_asr": {
      "仅长度格式基线": {
        "合并": {
          "n": 700,
          "pearson": 0.7298208661548775,
          "spearman": 0.5147939746281226,
          "mae": 0.19381329319843668,
          "r2": 0.4286847467020042,
          "同题序关系准确率": 0.580793944889029,
          "按问题宏平均序准确率": 0.5840116381186354
        },
        "hb-deepseek-ofa": {
          "n": 700,
          "pearson": 0.7298208661548775,
          "spearman": 0.5147939746281226,
          "mae": 0.19381329319843668,
          "r2": 0.4286847467020042,
          "同题序关系准确率": 0.580793944889029,
          "按问题宏平均序准确率": 0.5840116381186354
        }
      },
      "仅response文本": {
        "合并": {
          "n": 700,
          "pearson": 0.7413730738899802,
          "spearman": 0.6848961490808454,
          "mae": 0.20824602949916698,
          "r2": 0.39267253600880514,
          "同题序关系准确率": 0.6369298695155122,
          "按问题宏平均序准确率": 0.6534675918193233
        },
        "hb-deepseek-ofa": {
          "n": 700,
          "pearson": 0.7413730738899802,
          "spearman": 0.6848961490808454,
          "mae": 0.20824602949916698,
          "r2": 0.39267253600880514,
          "同题序关系准确率": 0.6369298695155122,
          "按问题宏平均序准确率": 0.6534675918193233
        }
      },
      "长度格式基线_plus_文本残差": {
        "合并": {
          "n": 700,
          "pearson": 0.7374114825839235,
          "spearman": 0.6176465964729776,
          "mae": 0.19440603308512006,
          "r2": 0.42357410712694865,
          "同题序关系准确率": 0.6008199629439823,
          "按问题宏平均序准确率": 0.6125802192745277
        },
        "hb-deepseek-ofa": {
          "n": 700,
          "pearson": 0.7374114825839235,
          "spearman": 0.6176465964729776,
          "mae": 0.19440603308512006,
          "r2": 0.42357410712694865,
          "同题序关系准确率": 0.6008199629439823,
          "按问题宏平均序准确率": 0.6125802192745277
        }
      },
      "残差本身": {
        "合并": {
          "n": 700,
          "pearson": 0.1781902157039019,
          "spearman": 0.2960889891028932,
          "mae": 0.19440603308512006,
          "r2": -0.2295141452456213,
          "同题序关系准确率": 0.5670707070707071,
          "按问题宏平均序准确率": 0.5670707070707071
        },
        "hb-deepseek-ofa": {
          "n": 700,
          "pearson": 0.1781902157039019,
          "spearman": 0.2960889891028932,
          "mae": 0.19440603308512006,
          "r2": -0.2295141452456213,
          "同题序关系准确率": 0.5670707070707071,
          "按问题宏平均序准确率": 0.5670707070707071
        }
      }
    },
    "alr": {
      "仅长度格式基线": {
        "合并": {
          "n": 700,
          "pearson": 0.1672513401259587,
          "spearman": 0.08223797716549638,
          "mae": 0.0022987156936100555,
          "r2": 0.023492626413203044,
          "同题序关系准确率": 0.7265725288831836,
          "按问题宏平均序准确率": 0.718797619388614
        },
        "hb-deepseek-ofa": {
          "n": 700,
          "pearson": 0.1672513401259587,
          "spearman": 0.08223797716549638,
          "mae": 0.0022987156936100555,
          "r2": 0.023492626413203044,
          "同题序关系准确率": 0.7265725288831836,
          "按问题宏平均序准确率": 0.718797619388614
        }
      },
      "仅response文本": {
        "合并": {
          "n": 700,
          "pearson": 0.1524518642676205,
          "spearman": 0.027678286656992353,
          "mae": 0.002268479292308115,
          "r2": 0.020655615406163452,
          "同题序关系准确率": 0.5982028241335045,
          "按问题宏平均序准确率": 0.6317468450349483
        },
        "hb-deepseek-ofa": {
          "n": 700,
          "pearson": 0.1524518642676205,
          "spearman": 0.027678286656992353,
          "mae": 0.002268479292308115,
          "r2": 0.020655615406163452,
          "同题序关系准确率": 0.5982028241335045,
          "按问题宏平均序准确率": 0.6317468450349483
        }
      },
      "长度格式基线_plus_文本残差": {
        "合并": {
          "n": 700,
          "pearson": 0.1892386705016801,
          "spearman": 0.0564134193195106,
          "mae": 0.0026814828501628687,
          "r2": 0.034212748142836036,
          "同题序关系准确率": 0.6495507060333762,
          "按问题宏平均序准确率": 0.6618409824621893
        },
        "hb-deepseek-ofa": {
          "n": 700,
          "pearson": 0.1892386705016801,
          "spearman": 0.0564134193195106,
          "mae": 0.0026814828501628687,
          "r2": 0.034212748142836036,
          "同题序关系准确率": 0.6495507060333762,
          "按问题宏平均序准确率": 0.6618409824621893
        }
      },
      "残差本身": {
        "合并": {
          "n": 700,
          "pearson": 0.10324407671780111,
          "spearman": -0.24327103189150984,
          "mae": 0.0026814828501628683,
          "r2": 0.00948521213840492,
          "同题序关系准确率": 0.43193165747929235,
          "按问题宏平均序准确率": 0.4319307324318438
        },
        "hb-deepseek-ofa": {
          "n": 700,
          "pearson": 0.10324407671780111,
          "spearman": -0.24327103189150984,
          "mae": 0.0026814828501628683,
          "r2": 0.00948521213840492,
          "同题序关系准确率": 0.43193165747929235,