{
  "说明": "基线先使用长度/拒绝/格式手工特征；文本模型只拟合训练残差。",
  "scores": "outputs/alternative_asr/all_14_datasets/alternative_asr_scores.jsonl",
  "sample_size": 1,
  "targets": [
    "asr",
    "hazard_weighted_asr",
    "alr"
  ],
  "text_cleaning": "mask_refusal_hazard_terms",
  "feature_set": "长度拒绝格式",
  "train_datasets": [
    "jbb-deepseek-ofa"
  ],
  "test_datasets": [
    "jbb-deepseek-ofa"
  ],
  "train_records": 6000,
  "test_records": 2000,
  "results": {
    "asr": {
      "仅长度格式基线": {
        "合并": {
          "n": 2000,
          "pearson": 0.6398270379482781,
          "spearman": 0.2855033567971762,
          "mae": 0.1547734747350216,
          "r2": 0.40795106537613623,
          "同题序关系准确率": 0.5861927414097022,
          "按问题宏平均序准确率": 0.5858412863710017
        },
        "jbb-deepseek-ofa": {
          "n": 2000,
          "pearson": 0.6398270379482781,
          "spearman": 0.2855033567971762,
          "mae": 0.1547734747350216,
          "r2": 0.40795106537613623,
          "同题序关系准确率": 0.5861927414097022,
          "按问题宏平均序准确率": 0.5858412863710017
        }
      },
      "仅response文本": {
        "合并": {
          "n": 2000,
          "pearson": 0.7445522463362738,
          "spearman": 0.5720753398635693,
          "mae": 0.11930376846037566,
          "r2": 0.5101911934288671,
          "同题序关系准确率": 0.634124550261995,
          "按问题宏平均序准确率": 0.6521549482825548
        },
        "jbb-deepseek-ofa": {
          "n": 2000,
          "pearson": 0.7445522463362738,
          "spearman": 0.5720753398635693,
          "mae": 0.11930376846037566,
          "r2": 0.5101911934288671,
          "同题序关系准确率": 0.634124550261995,
          "按问题宏平均序准确率": 0.6521549482825548
        }
      },
      "长度格式基线_plus_文本残差": {
        "合并": {
          "n": 2000,
          "pearson": 0.7216341932048624,
          "spearman": 0.5284567806083832,
          "mae": 0.12185196264770386,
          "r2": 0.50670160062487,
          "同题序关系准确率": 0.609228986067177,
          "按问题宏平均序准确率": 0.6229279323575642
        },
        "jbb-deepseek-ofa": {
          "n": 2000,
          "pearson": 0.7216341932048624,
          "spearman": 0.5284567806083832,
          "mae": 0.12185196264770386,
          "r2": 0.50670160062487,
          "同题序关系准确率": 0.609228986067177,
          "按问题宏平均序准确率": 0.6229279323575642
        }
      },
      "残差本身": {
        "合并": {
          "n": 2000,
          "pearson": 0.4779796498047548,
          "spearman": 0.5843002237941686,
          "mae": 0.12185196264770386,
          "r2": 0.16679432426856666,
          "同题序关系准确率": 0.5876767676767677,
          "按问题宏平均序准确率": 0.5876767676767677
        },
        "jbb-deepseek-ofa": {
          "n": 2000,
          "pearson": 0.4779796498047548,
          "spearman": 0.5843002237941686,
          "mae": 0.12185196264770386,
          "r2": 0.16679432426856666,
          "同题序关系准确率": 0.5876767676767677,
          "按问题宏平均序准确率": 0.5876767676767677
        }
      }
    },
    "hazard_weighted_asr": {
      "仅长度格式基线": {
        "合并": {
          "n": 2000,
          "pearson": 0.5583423254130273,
          "spearman": 0.22715057566946825,
          "mae": 0.21110572098716687,
          "r2": 0.31021545633798764,
          "同题序关系准确率": 0.5318540598908035,
          "按问题宏平均序准确率": 0.542564565841501
        },
        "jbb-deepseek-ofa": {
          "n": 2000,
          "pearson": 0.5583423254130273,
          "spearman": 0.22715057566946825,
          "mae": 0.21110572098716687,
          "r2": 0.31021545633798764,
          "同题序关系准确率": 0.5318540598908035,
          "按问题宏平均序准确率": 0.542564565841501
        }
      },
      "仅response文本": {
        "合并": {
          "n": 2000,
          "pearson": 0.7321686989667086,
          "spearman": 0.6484904500674126,
          "mae": 0.1615249627656634,
          "r2": 0.48878550570407264,
          "同题序关系准确率": 0.6251273706142686,
          "按问题宏平均序准确率": 0.6286717102896396
        },
        "jbb-deepseek-ofa": {
          "n": 2000,
          "pearson": 0.7321686989667086,
          "spearman": 0.6484904500674126,
          "mae": 0.1615249627656634,
          "r2": 0.48878550570407264,
          "同题序关系准确率": 0.6251273706142686,
          "按问题宏平均序准确率": 0.6286717102896396
        }
      },
      "长度格式基线_plus_文本残差": {
        "合并": {
          "n": 2000,
          "pearson": 0.7143110709267397,
          "spearman": 0.6247628914823292,
          "mae": 0.15703096046798662,
          "r2": 0.4891494754484247,
          "同题序关系准确率": 0.5936155004334402,
          "按问题宏平均序准确率": 0.5991445306076744
        },
        "jbb-deepseek-ofa": {
          "n": 2000,
          "pearson": 0.7143110709267397,
          "spearman": 0.6247628914823292,
          "mae": 0.15703096046798662,
          "r2": 0.4891494754484247,
          "同题序关系准确率": 0.5936155004334402,
          "按问题宏平均序准确率": 0.5991445306076744
        }
      },
      "残差本身": {
        "合并": {
          "n": 2000,
          "pearson": 0.5822729792319861,
          "spearman": 0.6512728298182074,
          "mae": 0.15703096046798662,
          "r2": 0.2593421418252462,
          "同题序关系准确率": 0.5998585858585859,
          "按问题宏平均序准确率": 0.5998585858585858
        },
        "jbb-deepseek-ofa": {
          "n": 2000,
          "pearson": 0.5822729792319861,
          "spearman": 0.6512728298182074,
          "mae": 0.15703096046798662,
          "r2": 0.2593421418252462,
          "同题序关系准确率": 0.5998585858585859,
          "按问题宏平均序准确率": 0.5998585858585858
        }
      }
    },
    "alr": {
      "仅长度格式基线": {
        "合并": {
          "n": 2000,
          "pearson": 0.4701137194155393,
          "spearman": 0.3864695381651706,
          "mae": 0.05824231756329536,
          "r2": -0.8746697778358694,
          "同题序关系准确率": 0.7678777763512646,
          "按问题宏平均序准确率": 0.810028320420082
        },
        "jbb-deepseek-ofa": {
          "n": 2000,
          "pearson": 0.4701137194155393,
          "spearman": 0.3864695381651706,
          "mae": 0.05824231756329536,
          "r2": -0.8746697778358694,
          "同题序关系准确率": 0.7678777763512646,
          "按问题宏平均序准确率": 0.810028320420082
        }
      },
      "仅response文本": {
        "合并": {
          "n": 2000,
          "pearson": 0.6300295524050105,
          "spearman": 0.38691450115780746,
          "mae": 0.025712283015283048,
          "r2": 0.3312745283565579,
          "同题序关系准确率": 0.7678777763512646,
          "按问题宏平均序准确率": 0.8141837430692321
        },
        "jbb-deepseek-ofa": {
          "n": 2000,
          "pearson": 0.6300295524050105,
          "spearman": 0.38691450115780746,
          "mae": 0.025712283015283048,
          "r2": 0.3312745283565579,
          "同题序关系准确率": 0.7678777763512646,
          "按问题宏平均序准确率": 0.8141837430692321
        }
      },
      "长度格式基线_plus_文本残差": {
        "合并": {
          "n": 2000,
          "pearson": 0.516801776635259,
          "spearman": 0.3864243279987701,
          "mae": 0.045849040525356,
          "r2": -0.340590662566723,
          "同题序关系准确率": 0.7594684811914238,
          "按问题宏平均序准确率": 0.7910966514009116
        },
        "jbb-deepseek-ofa": {
          "n": 2000,
          "pearson": 0.516801776635259,
          "spearman": 0.3864243279987701,
          "mae": 0.045849040525356,
          "r2": -0.340590662566723,
          "同题序关系准确率": 0.7594684811914238,
          "按问题宏平均序准确率": 0.7910966514009116
        }
      },
      "残差本身": {
        "合并": {
          "n": 2000,
          "pearson": 0.5527070528324098,
          "spearman": 0.6131219432804857,
          "mae": 0.045849040525356,
          "r2": 0.247705417209932,
          "同题序关系准确率": 0.7162929292929293,
          "按问题宏平均序准确率": 0.7162929292929292
        },
        "jbb-deepseek-ofa": {
          "n": 2000,
          "pearson": 0.5527070528324098,
          "spearman": 0.6131219432804857,
          "mae": 0.045849040525356,
          "r2": 0.247705417209932,
          "同题序关系准确率": 0.7162929292929293,