{
  "说明": "基线先使用长度/拒绝/格式手工特征；文本模型只拟合训练残差。",
  "scores": "outputs/alternative_asr/all_14_datasets/alternative_asr_scores.jsonl",
  "sample_size": 1,
  "targets": [
    "asr",
    "hazard_weighted_asr",
    "alr"
  ],
  "text_cleaning": "mask_refusal_hazard_terms",
  "feature_set": "长度拒绝格式",
  "train_datasets": [
    "hb-llama-ofa"
  ],
  "test_datasets": [
    "hb-4omini-ofa"
  ],
  "train_records": 1500,
  "test_records": 700,
  "results": {
    "asr": {
      "仅长度格式基线": {
        "合并": {
          "n": 700,
          "pearson": 0.7853079557289996,
          "spearman": 0.7375995398051355,
          "mae": 0.23745676765271595,
          "r2": 0.4829804188989971,
          "同题序关系准确率": 0.6418469964981592,
          "按问题宏平均序准确率": 0.6690857675340123
        },
        "hb-4omini-ofa": {
          "n": 700,
          "pearson": 0.7853079557289996,
          "spearman": 0.7375995398051355,
          "mae": 0.23745676765271595,
          "r2": 0.4829804188989971,
          "同题序关系准确率": 0.6418469964981592,
          "按问题宏平均序准确率": 0.6690857675340123
        }
      },
      "仅response文本": {
        "合并": {
          "n": 700,
          "pearson": 0.8048219450108993,
          "spearman": 0.720448976496981,
          "mae": 0.2118484427723056,
          "r2": 0.5229010112645299,
          "同题序关系准确率": 0.6073224387177876,
          "按问题宏平均序准确率": 0.6360118432295886
        },
        "hb-4omini-ofa": {
          "n": 700,
          "pearson": 0.8048219450108993,
          "spearman": 0.720448976496981,
          "mae": 0.2118484427723056,
          "r2": 0.5229010112645299,
          "同题序关系准确率": 0.6073224387177876,
          "按问题宏平均序准确率": 0.6360118432295886
        }
      },
      "长度格式基线_plus_文本残差": {
        "合并": {
          "n": 700,
          "pearson": 0.8431355045660527,
          "spearman": 0.753698310932265,
          "mae": 0.20739935573930846,
          "r2": 0.6032700215467197,
          "同题序关系准确率": 0.6389287959055401,
          "按问题宏平均序准确率": 0.662174452263295
        },
        "hb-4omini-ofa": {
          "n": 700,
          "pearson": 0.8431355045660527,
          "spearman": 0.753698310932265,
          "mae": 0.20739935573930846,
          "r2": 0.6032700215467197,
          "同题序关系准确率": 0.6389287959055401,
          "按问题宏平均序准确率": 0.662174452263295
        }
      },
      "残差本身": {
        "合并": {
          "n": 700,
          "pearson": 0.6632103989912755,
          "spearman": 0.5844155885414464,
          "mae": 0.20739935573930846,
          "r2": 0.23256607348289948,
          "同题序关系准确率": 0.6696283572767021,
          "按问题宏平均序准确率": 0.6855401869117536
        },
        "hb-4omini-ofa": {
          "n": 700,
          "pearson": 0.6632103989912755,
          "spearman": 0.5844155885414464,
          "mae": 0.20739935573930846,
          "r2": 0.23256607348289948,
          "同题序关系准确率": 0.6696283572767021,
          "按问题宏平均序准确率": 0.6855401869117536
        }
      }
    },
    "hazard_weighted_asr": {
      "仅长度格式基线": {
        "合并": {
          "n": 700,
          "pearson": 0.6836824695074124,
          "spearman": 0.7173756004248459,
          "mae": 0.25229982067993184,
          "r2": 0.30196725951955194,
          "同题序关系准确率": 0.6182999853950635,
          "按问题宏平均序准确率": 0.6501235964033615
        },
        "hb-4omini-ofa": {
          "n": 700,
          "pearson": 0.6836824695074124,
          "spearman": 0.7173756004248459,
          "mae": 0.25229982067993184,
          "r2": 0.30196725951955194,
          "同题序关系准确率": 0.6182999853950635,
          "按问题宏平均序准确率": 0.6501235964033615
        }
      },
      "仅response文本": {
        "合并": {
          "n": 700,
          "pearson": 0.7671066384346841,
          "spearman": 0.7917343253878857,
          "mae": 0.22895828567813373,
          "r2": 0.45328206919174807,
          "同题序关系准确率": 0.6356798597926099,
          "按问题宏平均序准确率": 0.6574643905044785
        },
        "hb-4omini-ofa": {
          "n": 700,
          "pearson": 0.7671066384346841,
          "spearman": 0.7917343253878857,
          "mae": 0.22895828567813373,
          "r2": 0.45328206919174807,
          "同题序关系准确率": 0.6356798597926099,
          "按问题宏平均序准确率": 0.6574643905044785
        }
      },
      "长度格式基线_plus_文本残差": {
        "合并": {
          "n": 700,
          "pearson": 0.803920079895962,
          "spearman": 0.813363560938562,
          "mae": 0.21854338280922975,
          "r2": 0.4772911299596253,
          "同题序关系准确率": 0.6294362494523149,
          "按问题宏平均序准确率": 0.6554138401989299
        },
        "hb-4omini-ofa": {
          "n": 700,
          "pearson": 0.803920079895962,
          "spearman": 0.813363560938562,
          "mae": 0.21854338280922975,
          "r2": 0.4772911299596253,
          "同题序关系准确率": 0.6294362494523149,
          "按问题宏平均序准确率": 0.6554138401989299
        }
      },
      "残差本身": {
        "合并": {
          "n": 700,
          "pearson": 0.7288173571873235,
          "spearman": 0.7446914894238782,
          "mae": 0.21854338280922975,
          "r2": 0.21392505792686622,
          "同题序关系准确率": 0.660035601636426,
          "按问题宏平均序准确率": 0.6775465381214618
        },
        "hb-4omini-ofa": {
          "n": 700,
          "pearson": 0.7288173571873235,
          "spearman": 0.7446914894238782,
          "mae": 0.21854338280922975,
          "r2": 0.21392505792686622,
          "同题序关系准确率": 0.660035601636426,
          "按问题宏平均序准确率": 0.6775465381214618
        }
      }
    },
    "alr": {
      "仅长度格式基线": {
        "合并": {
          "n": 700,
          "pearson": 0.9229055881290809,
          "spearman": 0.7246965010601848,
          "mae": 0.16714560233695164,
          "r2": 0.6603811599668521,
          "同题序关系准确率": 0.8501714587180164,
          "按问题宏平均序准确率": 0.8798886017990679
        },
        "hb-4omini-ofa": {
          "n": 700,
          "pearson": 0.9229055881290809,
          "spearman": 0.7246965010601848,
          "mae": 0.16714560233695164,
          "r2": 0.6603811599668521,
          "同题序关系准确率": 0.8501714587180164,
          "按问题宏平均序准确率": 0.8798886017990679
        }
      },
      "仅response文本": {
        "合并": {
          "n": 700,
          "pearson": 0.8421825242947568,
          "spearman": 0.7582784642862651,
          "mae": 0.16602668865251688,
          "r2": 0.5184429810626913,
          "同题序关系准确率": 0.8516882089158533,
          "按问题宏平均序准确率": 0.8611663975094056
        },
        "hb-4omini-ofa": {
          "n": 700,
          "pearson": 0.8421825242947568,
          "spearman": 0.7582784642862651,
          "mae": 0.16602668865251688,
          "r2": 0.5184429810626913,
          "同题序关系准确率": 0.8516882089158533,
          "按问题宏平均序准确率": 0.8611663975094056
        }
      },
      "长度格式基线_plus_文本残差": {
        "合并": {
          "n": 700,
          "pearson": 0.927652573888798,
          "spearman": 0.753453445054004,
          "mae": 0.16338580766876848,
          "r2": 0.6943911808669693,
          "同题序关系准确率": 0.8476655236085465,
          "按问题宏平均序准确率": 0.8681328384540759
        },
        "hb-4omini-ofa": {
          "n": 700,
          "pearson": 0.927652573888798,
          "spearman": 0.753453445054004,
          "mae": 0.16338580766876848,
          "r2": 0.6943911808669693,
          "同题序关系准确率": 0.8476655236085465,
          "按问题宏平均序准确率": 0.8681328384540759
        }
      },
      "残差本身": {
        "合并": {
          "n": 700,
          "pearson": 0.2625368244720215,
          "spearman": 0.38583267026532336,
          "mae": 0.16338580766876848,
          "r2": -0.011805531421605009,
          "同题序关系准确率": 0.5887255360988857,
          "按问题宏平均序准确率": 0.6058380582728369
        },
        "hb-4omini-ofa": {
          "n": 700,
          "pearson": 0.2625368244720215,
          "spearman": 0.38583267026532336,
          "mae": 0.16338580766876848,
          "r2": -0.011805531421605009,
          "同题序关系准确率": 0.5887255360988857,
          "按问题宏平均序准确率": 0.6058380582728369
        }
      }
    }
  }
}