{
  "说明": "基线先使用长度/拒绝/格式手工特征；文本模型只拟合训练残差。",
  "scores": "outputs/alternative_asr/all_14_datasets/alternative_asr_scores.jsonl",
  "sample_size": 1,
  "targets": [
    "asr",
    "hazard_weighted_asr",
    "alr"
  ],
  "text_cleaning": "mask_refusal_hazard_terms",
  "feature_set": "长度拒绝格式",
  "train_datasets": [
    "jbb-qwen-ofa"
  ],
  "test_datasets": [
    "jbb-4omini-ofa"
  ],
  "train_records": 6000,
  "test_records": 2000,
  "results": {
    "asr": {
      "仅长度格式基线": {
        "合并": {
          "n": 2000,
          "pearson": 0.44462979268458974,
          "spearman": 0.22789345724386778,
          "mae": 0.34382786581516267,
          "r2": -0.2570265814352384,
          "同题序关系准确率": 0.5475061254316459,
          "按问题宏平均序准确率": 0.5627753559766899
        },
        "jbb-4omini-ofa": {
          "n": 2000,
          "pearson": 0.44462979268458974,
          "spearman": 0.22789345724386778,
          "mae": 0.34382786581516267,
          "r2": -0.2570265814352384,
          "同题序关系准确率": 0.5475061254316459,
          "按问题宏平均序准确率": 0.5627753559766899
        }
      },
      "仅response文本": {
        "合并": {
          "n": 2000,
          "pearson": 0.5750155028539393,
          "spearman": 0.5215325373488845,
          "mae": 0.3510283320759229,
          "r2": -0.266444732992257,
          "同题序关系准确率": 0.625911650499348,
          "按问题宏平均序准确率": 0.6321439290929073
        },
        "jbb-4omini-ofa": {
          "n": 2000,
          "pearson": 0.5750155028539393,
          "spearman": 0.5215325373488845,
          "mae": 0.3510283320759229,
          "r2": -0.266444732992257,
          "同题序关系准确率": 0.625911650499348,
          "按问题宏平均序准确率": 0.6321439290929073
        }
      },
      "长度格式基线_plus_文本残差": {
        "合并": {
          "n": 2000,
          "pearson": 0.5338587921749736,
          "spearman": 0.48653093652734486,
          "mae": 0.33471804843711767,
          "r2": -0.198137094036287,
          "同题序关系准确率": 0.5954779269533321,
          "按问题宏平均序准确率": 0.6090203987071603
        },
        "jbb-4omini-ofa": {
          "n": 2000,
          "pearson": 0.5338587921749736,
          "spearman": 0.48653093652734486,
          "mae": 0.33471804843711767,
          "r2": -0.198137094036287,
          "同题序关系准确率": 0.5954779269533321,
          "按问题宏平均序准确率": 0.6090203987071603
        }
      },
      "残差本身": {
        "合并": {
          "n": 2000,
          "pearson": 0.3614272310109632,
          "spearman": 0.3827341555208589,
          "mae": 0.33471804843711767,
          "r2": -0.4332452360806818,
          "同题序关系准确率": 0.6035461362216205,
          "按问题宏平均序准确率": 0.5947200786534155
        },
        "jbb-4omini-ofa": {
          "n": 2000,
          "pearson": 0.3614272310109632,
          "spearman": 0.3827341555208589,
          "mae": 0.33471804843711767,
          "r2": -0.4332452360806818,
          "同题序关系准确率": 0.6035461362216205,
          "按问题宏平均序准确率": 0.5947200786534155
        }
      }
    },
    "hazard_weighted_asr": {
      "仅长度格式基线": {
        "合并": {
          "n": 2000,
          "pearson": 0.31094602462891535,
          "spearman": 0.2516882308419621,
          "mae": 0.29810958204142746,
          "r2": -0.13706380151482755,
          "同题序关系准确率": 0.5487507446079147,
          "按问题宏平均序准确率": 0.5632479048210904
        },
        "jbb-4omini-ofa": {
          "n": 2000,
          "pearson": 0.31094602462891535,
          "spearman": 0.2516882308419621,
          "mae": 0.29810958204142746,
          "r2": -0.13706380151482755,
          "同题序关系准确率": 0.5487507446079147,
          "按问题宏平均序准确率": 0.5632479048210904
        }
      },
      "仅response文本": {
        "合并": {
          "n": 2000,
          "pearson": 0.506213472937216,
          "spearman": 0.5034194619175503,
          "mae": 0.293262614695131,
          "r2": -0.0765935022541182,
          "同题序关系准确率": 0.6127252087712003,
          "按问题宏平均序准确率": 0.6196983515489979
        },
        "jbb-4omini-ofa": {
          "n": 2000,
          "pearson": 0.506213472937216,
          "spearman": 0.5034194619175503,
          "mae": 0.293262614695131,
          "r2": -0.0765935022541182,
          "同题序关系准确率": 0.6127252087712003,
          "按问题宏平均序准确率": 0.6196983515489979
        }
      },
      "长度格式基线_plus_文本残差": {
        "合并": {
          "n": 2000,
          "pearson": 0.4564501141476193,
          "spearman": 0.47964084830369585,
          "mae": 0.2855870383945397,
          "r2": -0.035908018026659105,
          "同题序关系准确率": 0.5891225427938813,
          "按问题宏平均序准确率": 0.6013044996073938
        },
        "jbb-4omini-ofa": {
          "n": 2000,
          "pearson": 0.4564501141476193,
          "spearman": 0.47964084830369585,
          "mae": 0.2855870383945397,
          "r2": -0.035908018026659105,
          "同题序关系准确率": 0.5891225427938813,
          "按问题宏平均序准确率": 0.6013044996073938
        }
      },
      "残差本身": {
        "合并": {
          "n": 2000,
          "pearson": 0.40142176988273565,
          "spearman": 0.37676434640692624,
          "mae": 0.2855870383945397,
          "r2": -0.05500382336094467,
          "同题序关系准确率": 0.5978140881446306,
          "按问题宏平均序准确率": 0.5883593727531666
        },
        "jbb-4omini-ofa": {
          "n": 2000,
          "pearson": 0.40142176988273565,
          "spearman": 0.37676434640692624,
          "mae": 0.2855870383945397,
          "r2": -0.05500382336094467,
          "同题序关系准确率": 0.5978140881446306,
          "按问题宏平均序准确率": 0.5883593727531666
        }
      }
    },
    "alr": {
      "仅长度格式基线": {
        "合并": {
          "n": 2000,
          "pearson": 0.9510720200605852,
          "spearman": 0.4993372000502623,
          "mae": 0.08962149027585983,
          "r2": 0.8490554691871601,
          "同题序关系准确率": 0.8287302121926574,
          "按问题宏平均序准确率": 0.8419386157010015
        },
        "jbb-4omini-ofa": {
          "n": 2000,
          "pearson": 0.9510720200605852,
          "spearman": 0.4993372000502623,
          "mae": 0.08962149027585983,
          "r2": 0.8490554691871601,
          "同题序关系准确率": 0.8287302121926574,
          "按问题宏平均序准确率": 0.8419386157010015
        }
      },
      "仅response文本": {
        "合并": {
          "n": 2000,
          "pearson": 0.9207203242144643,
          "spearman": 0.5169748548313764,
          "mae": 0.06377482591778866,
          "r2": 0.8263380494734743,
          "同题序关系准确率": 0.8400976759851801,
          "按问题宏平均序准确率": 0.8280301497704976
        },
        "jbb-4omini-ofa": {
          "n": 2000,
          "pearson": 0.9207203242144643,
          "spearman": 0.5169748548313764,
          "mae": 0.06377482591778866,
          "r2": 0.8263380494734743,
          "同题序关系准确率": 0.8400976759851801,
          "按问题宏平均序准确率": 0.8280301497704976
        }
      },
      "长度格式基线_plus_文本残差": {
        "合并": {
          "n": 2000,
          "pearson": 0.9548329500095698,
          "spearman": 0.5125517641027435,
          "mae": 0.06934340023895745,
          "r2": 0.8907058966246794,
          "同题序关系准确率": 0.845991916470192,
          "按问题宏平均序准确率": 0.8599556556191998
        },
        "jbb-4omini-ofa": {
          "n": 2000,
          "pearson": 0.9548329500095698,
          "spearman": 0.5125517641027435,
          "mae": 0.06934340023895745,
          "r2": 0.8907058966246794,
          "同题序关系准确率": 0.845991916470192,
          "按问题宏平均序准确率": 0.8599556556191998
        }
      },
      "残差本身": {
        "合并": {
          "n": 2000,
          "pearson": 0.18553736633385418,
          "spearman": 0.3351974479268363,
          "mae": 0.06934340023895744,
          "r2": -0.13890755575258495,
          "同题序关系准确率": 0.6660852269177098,
          "按问题宏平均序准确率": 0.6673281138732825
        },
        "jbb-4omini-ofa": {
          "n": 2000,
          "pearson": 0.18553736633385418,
          "spearman": 0.3351974479268363,
          "mae": 0.06934340023895744,
          "r2": -0.13890755575258495,
          "同题序关系准确率": 0.6660852269177098,