{
  "说明": "基线先使用长度/拒绝/格式手工特征；文本模型只拟合训练残差。",
  "scores": "outputs/alternative_asr/all_14_datasets/alternative_asr_scores.jsonl",
  "sample_size": 1,
  "targets": [
    "asr",
    "hazard_weighted_asr",
    "alr"
  ],
  "text_cleaning": "mask_refusal_hazard_terms",
  "feature_set": "长度拒绝格式",
  "train_datasets": [
    "jbb-qwen-ofa"
  ],
  "test_datasets": [
    "jbb-deepseek-ofa"
  ],
  "train_records": 6000,
  "test_records": 2000,
  "results": {
    "asr": {
      "仅长度格式基线": {
        "合并": {
          "n": 2000,
          "pearson": 0.44982359044750864,
          "spearman": 0.18511192691931438,
          "mae": 0.39635728811770676,
          "r2": -1.1933258364404873,
          "同题序关系准确率": 0.5213097336585131,
          "按问题宏平均序准确率": 0.4863150602735077
        },
        "jbb-deepseek-ofa": {
          "n": 2000,
          "pearson": 0.44982359044750864,
          "spearman": 0.18511192691931438,
          "mae": 0.39635728811770676,
          "r2": -1.1933258364404873,
          "同题序关系准确率": 0.5213097336585131,
          "按问题宏平均序准确率": 0.4863150602735077
        }
      },
      "仅response文本": {
        "合并": {
          "n": 2000,
          "pearson": 0.5143630361500194,
          "spearman": 0.49814271307250096,
          "mae": 0.368506265562626,
          "r2": -0.8509911026305879,
          "同题序关系准确率": 0.6271702122521914,
          "按问题宏平均序准确率": 0.6055736104501088
        },
        "jbb-deepseek-ofa": {
          "n": 2000,
          "pearson": 0.5143630361500194,
          "spearman": 0.49814271307250096,
          "mae": 0.368506265562626,
          "r2": -0.8509911026305879,
          "同题序关系准确率": 0.6271702122521914,
          "按问题宏平均序准确率": 0.6055736104501088
        }
      },
      "长度格式基线_plus_文本残差": {
        "合并": {
          "n": 2000,
          "pearson": 0.5145974914045529,
          "spearman": 0.40218817945863705,
          "mae": 0.3617777829091991,
          "r2": -0.9117168235601774,
          "同题序关系准确率": 0.5548499263516287,
          "按问题宏平均序准确率": 0.5120056273322908
        },
        "jbb-deepseek-ofa": {
          "n": 2000,
          "pearson": 0.5145974914045529,
          "spearman": 0.40218817945863705,
          "mae": 0.3617777829091991,
          "r2": -0.9117168235601774,
          "同题序关系准确率": 0.5548499263516287,
          "按问题宏平均序准确率": 0.5120056273322908
        }
      },
      "残差本身": {
        "合并": {
          "n": 2000,
          "pearson": 0.2928377959288496,
          "spearman": 0.33245056861264216,
          "mae": 0.3617777829091991,
          "r2": -1.2773241936286839,
          "同题序关系准确率": 0.6096262626262626,
          "按问题宏平均序准确率": 0.6096262626262627
        },
        "jbb-deepseek-ofa": {
          "n": 2000,
          "pearson": 0.2928377959288496,
          "spearman": 0.33245056861264216,
          "mae": 0.3617777829091991,
          "r2": -1.2773241936286839,
          "同题序关系准确率": 0.6096262626262626,
          "按问题宏平均序准确率": 0.6096262626262627
        }
      }
    },
    "hazard_weighted_asr": {
      "仅长度格式基线": {
        "合并": {
          "n": 2000,
          "pearson": 0.3366936678308913,
          "spearman": 0.16020018975399303,
          "mae": 0.4196985245403634,
          "r2": -0.9974827443328604,
          "同题序关系准确率": 0.5120222651437957,
          "按问题宏平均序准确率": 0.5073634138134127
        },
        "jbb-deepseek-ofa": {
          "n": 2000,
          "pearson": 0.3366936678308913,
          "spearman": 0.16020018975399303,
          "mae": 0.4196985245403634,
          "r2": -0.9974827443328604,
          "同题序关系准确率": 0.5120222651437957,
          "按问题宏平均序准确率": 0.5073634138134127
        }
      },
      "仅response文本": {
        "合并": {
          "n": 2000,
          "pearson": 0.5198515252415022,
          "spearman": 0.5319764817331458,
          "mae": 0.41748402236640597,
          "r2": -0.8434673220302473,
          "同题序关系准确率": 0.6161391875655864,
          "按问题宏平均序准确率": 0.6061359299871923
        },
        "jbb-deepseek-ofa": {
          "n": 2000,
          "pearson": 0.5198515252415022,
          "spearman": 0.5319764817331458,
          "mae": 0.41748402236640597,
          "r2": -0.8434673220302473,
          "同题序关系准确率": 0.6161391875655864,
          "按问题宏平均序准确率": 0.6061359299871923
        }
      },
      "长度格式基线_plus_文本残差": {
        "合并": {
          "n": 2000,
          "pearson": 0.47414694760341036,
          "spearman": 0.41741561189953813,
          "mae": 0.3988600340266573,
          "r2": -0.7998132347744096,
          "同题序关系准确率": 0.5566590117561175,
          "按问题宏平均序准确率": 0.5464609928814169
        },
        "jbb-deepseek-ofa": {
          "n": 2000,
          "pearson": 0.47414694760341036,
          "spearman": 0.41741561189953813,
          "mae": 0.3988600340266573,
          "r2": -0.7998132347744096,
          "同题序关系准确率": 0.5566590117561175,
          "按问题宏平均序准确率": 0.5464609928814169
        }
      },
      "残差本身": {
        "合并": {
          "n": 2000,
          "pearson": 0.3569517450299139,
          "spearman": 0.37764063141015786,
          "mae": 0.3988600340266574,
          "r2": -0.9431761794924414,
          "同题序关系准确率": 0.6231313131313131,
          "按问题宏平均序准确率": 0.6231313131313132
        },
        "jbb-deepseek-ofa": {
          "n": 2000,
          "pearson": 0.3569517450299139,
          "spearman": 0.37764063141015786,
          "mae": 0.3988600340266574,
          "r2": -0.9431761794924414,
          "同题序关系准确率": 0.6231313131313131,
          "按问题宏平均序准确率": 0.6231313131313132
        }
      }
    },
    "alr": {
      "仅长度格式基线": {
        "合并": {
          "n": 2000,
          "pearson": 0.619294732597071,
          "spearman": 0.39026031597477073,
          "mae": 0.0878992077767849,
          "r2": -8.197687886710028,
          "同题序关系准确率": 0.7657594042880986,
          "按问题宏平均序准确率": 0.7930967571830833
        },
        "jbb-deepseek-ofa": {
          "n": 2000,
          "pearson": 0.619294732597071,
          "spearman": 0.39026031597477073,
          "mae": 0.0878992077767849,
          "r2": -8.197687886710028,
          "同题序关系准确率": 0.7657594042880986,
          "按问题宏平均序准确率": 0.7930967571830833
        }
      },
      "仅response文本": {
        "合并": {
          "n": 2000,
          "pearson": 0.6363738756744147,
          "spearman": 0.39450716989053614,
          "mae": 0.0436462800536835,
          "r2": -1.046725753472212,
          "同题序关系准确率": 0.7405315188085762,
          "按问题宏平均序准确率": 0.7242903691591442
        },
        "jbb-deepseek-ofa": {
          "n": 2000,
          "pearson": 0.6363738756744147,
          "spearman": 0.39450716989053614,
          "mae": 0.0436462800536835,
          "r2": -1.046725753472212,
          "同题序关系准确率": 0.7405315188085762,
          "按问题宏平均序准确率": 0.7242903691591442
        }
      },
      "长度格式基线_plus_文本残差": {
        "合并": {
          "n": 2000,
          "pearson": 0.6163492294187473,
          "spearman": 0.3637105953837692,
          "mae": 0.07934734616439183,
          "r2": -7.606323341578243,
          "同题序关系准确率": 0.7050969315701631,
          "按问题宏平均序准确率": 0.6711148919724143
        },
        "jbb-deepseek-ofa": {
          "n": 2000,
          "pearson": 0.6163492294187473,
          "spearman": 0.3637105953837692,
          "mae": 0.07934734616439183,
          "r2": -7.606323341578243,
          "同题序关系准确率": 0.7050969315701631,
          "按问题宏平均序准确率": 0.6711148919724143
        }
      },
      "残差本身": {
        "合并": {
          "n": 2000,
          "pearson": 0.262898488414318,
          "spearman": 0.5462707260676815,
          "mae": 0.07934734616439185,
          "r2": -0.03813860500765731,
          "同题序关系准确率": 0.697959595959596,
          "按问题宏平均序准确率": 0.697959595959596
        },
        "jbb-deepseek-ofa": {
          "n": 2000,
          "pearson": 0.262898488414318,
          "spearman": 0.5462707260676815,
          "mae": 0.07934734616439185,
          "r2": -0.03813860500765731,
          "同题序关系准确率": 0.697959595959596,