{
  "说明": "基线先使用长度/拒绝/格式手工特征；文本模型只拟合训练残差。",
  "scores": "outputs/alternative_asr/all_14_datasets/alternative_asr_scores.jsonl",
  "sample_size": 1,
  "targets": [
    "asr",
    "hazard_weighted_asr",
    "alr"
  ],
  "text_cleaning": "mask_refusal_hazard_terms",
  "feature_set": "长度拒绝格式",
  "train_datasets": [
    "jbb-llama-ofa"
  ],
  "test_datasets": [
    "jbb-4omini-ofa"
  ],
  "train_records": 6000,
  "test_records": 2000,
  "results": {
    "asr": {
      "仅长度格式基线": {
        "合并": {
          "n": 2000,
          "pearson": 0.42813589622907355,
          "spearman": 0.15180678144557805,
          "mae": 0.2903264258950949,
          "r2": 0.13074606837572467,
          "同题序关系准确率": 0.5282772850367526,
          "按问题宏平均序准确率": 0.5377873499133747
        },
        "jbb-4omini-ofa": {
          "n": 2000,
          "pearson": 0.42813589622907355,
          "spearman": 0.15180678144557805,
          "mae": 0.2903264258950949,
          "r2": 0.13074606837572467,
          "同题序关系准确率": 0.5282772850367526,
          "按问题宏平均序准确率": 0.5377873499133747
        }
      },
      "仅response文本": {
        "合并": {
          "n": 2000,
          "pearson": 0.7020079333292438,
          "spearman": 0.5815768590338242,
          "mae": 0.18788150057380426,
          "r2": 0.4499690887359996,
          "同题序关系准确率": 0.5789858291183677,
          "按问题宏平均序准确率": 0.5823074201535684
        },
        "jbb-4omini-ofa": {
          "n": 2000,
          "pearson": 0.7020079333292438,
          "spearman": 0.5815768590338242,
          "mae": 0.18788150057380426,
          "r2": 0.4499690887359996,
          "同题序关系准确率": 0.5789858291183677,
          "按问题宏平均序准确率": 0.5823074201535684
        }
      },
      "长度格式基线_plus_文本残差": {
        "合并": {
          "n": 2000,
          "pearson": 0.6582369891065949,
          "spearman": 0.4604173610520246,
          "mae": 0.22082614045422572,
          "r2": 0.4205467365687652,
          "同题序关系准确率": 0.5556447106360419,
          "按问题宏平均序准确率": 0.5603829236083766
        },
        "jbb-4omini-ofa": {
          "n": 2000,
          "pearson": 0.6582369891065949,
          "spearman": 0.4604173610520246,
          "mae": 0.22082614045422572,
          "r2": 0.4205467365687652,
          "同题序关系准确率": 0.5556447106360419,
          "按问题宏平均序准确率": 0.5603829236083766
        }
      },
      "残差本身": {
        "合并": {
          "n": 2000,
          "pearson": 0.5980985339670646,
          "spearman": 0.6447070950706624,
          "mae": 0.22082614045422572,
          "r2": 0.2922811190890331,
          "同题序关系准确率": 0.6509008539887523,
          "按问题宏平均序准确率": 0.6557246976625027
        },
        "jbb-4omini-ofa": {
          "n": 2000,
          "pearson": 0.5980985339670646,
          "spearman": 0.6447070950706624,
          "mae": 0.22082614045422572,
          "r2": 0.2922811190890331,
          "同题序关系准确率": 0.6509008539887523,
          "按问题宏平均序准确率": 0.6557246976625027
        }
      }
    },
    "hazard_weighted_asr": {
      "仅长度格式基线": {
        "合并": {
          "n": 2000,
          "pearson": 0.2591282837354482,
          "spearman": 0.13905867391283172,
          "mae": 0.2841600786815115,
          "r2": 0.03431453180058497,
          "同题序关系准确率": 0.5274746271340743,
          "按问题宏平均序准确率": 0.5429923534979917
        },
        "jbb-4omini-ofa": {
          "n": 2000,
          "pearson": 0.2591282837354482,
          "spearman": 0.13905867391283172,
          "mae": 0.2841600786815115,
          "r2": 0.03431453180058497,
          "同题序关系准确率": 0.5274746271340743,
          "按问题宏平均序准确率": 0.5429923534979917
        }
      },
      "仅response文本": {
        "合并": {
          "n": 2000,
          "pearson": 0.6087663337606402,
          "spearman": 0.6079675713541853,
          "mae": 0.2287311669325723,
          "r2": 0.2578348870866053,
          "同题序关系准确率": 0.5841435042091421,
          "按问题宏平均序准确率": 0.5924994430890056
        },
        "jbb-4omini-ofa": {
          "n": 2000,
          "pearson": 0.6087663337606402,
          "spearman": 0.6079675713541853,
          "mae": 0.2287311669325723,
          "r2": 0.2578348870866053,
          "同题序关系准确率": 0.5841435042091421,
          "按问题宏平均序准确率": 0.5924994430890056
        }
      },
      "长度格式基线_plus_文本残差": {
        "合并": {
          "n": 2000,
          "pearson": 0.5705326401966733,
          "spearman": 0.5193167692219264,
          "mae": 0.22522795072043614,
          "r2": 0.31937736718623355,
          "同题序关系准确率": 0.5643285041529452,
          "按问题宏平均序准确率": 0.5738191135038079
        },
        "jbb-4omini-ofa": {
          "n": 2000,
          "pearson": 0.5705326401966733,
          "spearman": 0.5193167692219264,
          "mae": 0.22522795072043614,
          "r2": 0.31937736718623355,
          "同题序关系准确率": 0.5643285041529452,
          "按问题宏平均序准确率": 0.5738191135038079
        }
      },
      "残差本身": {
        "合并": {
          "n": 2000,
          "pearson": 0.5645265257800912,
          "spearman": 0.5971142986055417,
          "mae": 0.22522795072043614,
          "r2": 0.2915076768620728,
          "同题序关系准确率": 0.6395224110639007,
          "按问题宏平均序准确率": 0.6447182964670366
        },
        "jbb-4omini-ofa": {
          "n": 2000,
          "pearson": 0.5645265257800912,
          "spearman": 0.5971142986055417,
          "mae": 0.22522795072043614,
          "r2": 0.2915076768620728,
          "同题序关系准确率": 0.6395224110639007,
          "按问题宏平均序准确率": 0.6447182964670366
        }
      }
    },
    "alr": {
      "仅长度格式基线": {
        "合并": {
          "n": 2000,
          "pearson": 0.7786593746379151,
          "spearman": 0.49861441219724334,
          "mae": 0.16560067680478097,
          "r2": 0.5288287337583679,
          "同题序关系准确率": 0.8324351633546648,
          "按问题宏平均序准确率": 0.8341304997418237
        },
        "jbb-4omini-ofa": {
          "n": 2000,
          "pearson": 0.7786593746379151,
          "spearman": 0.49861441219724334,
          "mae": 0.16560067680478097,
          "r2": 0.5288287337583679,
          "同题序关系准确率": 0.8324351633546648,
          "按问题宏平均序准确率": 0.8341304997418237
        }
      },
      "仅response文本": {
        "合并": {
          "n": 2000,
          "pearson": 0.8896663660149966,
          "spearman": 0.5372409315396761,
          "mae": 0.06760731693866953,
          "r2": 0.7592529828007846,
          "同题序关系准确率": 0.8571909733917144,
          "按问题宏平均序准确率": 0.8384842664600953
        },
        "jbb-4omini-ofa": {
          "n": 2000,
          "pearson": 0.8896663660149966,
          "spearman": 0.5372409315396761,
          "mae": 0.06760731693866953,
          "r2": 0.7592529828007846,
          "同题序关系准确率": 0.8571909733917144,
          "按问题宏平均序准确率": 0.8384842664600953
        }
      },
      "长度格式基线_plus_文本残差": {
        "合并": {
          "n": 2000,
          "pearson": 0.859373874382772,
          "spearman": 0.509997779255856,
          "mae": 0.13093641927628688,
          "r2": 0.6755764905849007,
          "同题序关系准确率": 0.8361401145166723,
          "按问题宏平均序准确率": 0.8236114648354593
        },
        "jbb-4omini-ofa": {
          "n": 2000,
          "pearson": 0.859373874382772,
          "spearman": 0.509997779255856,
          "mae": 0.13093641927628688,
          "r2": 0.6755764905849007,
          "同题序关系准确率": 0.8361401145166723,
          "按问题宏平均序准确率": 0.8236114648354593
        }
      },
      "残差本身": {
        "合并": {
          "n": 2000,
          "pearson": 0.6044540265887504,
          "spearman": 0.6131089361088358,
          "mae": 0.13093641927628688,
          "r2": 0.18736065928849477,
          "同题序关系准确率": 0.6950669610313873,
          "按问题宏平均序准确率": 0.6981179203103417
        },
        "jbb-4omini-ofa": {
          "n": 2000,
          "pearson": 0.6044540265887504,
          "spearman": 0.6131089361088358,
          "mae": 0.13093641927628688,
          "r2": 0.18736065928849477,
          "同题序关系准确率": 0.6950669610313873,
          "按问题宏平均序准确率": 0.6981179203103417
        }
      }
    }
  }
}