{
  "说明": "基线先使用长度/拒绝/格式手工特征；文本模型只拟合训练残差。",
  "scores": "outputs/alternative_asr/all_14_datasets/alternative_asr_scores.jsonl",
  "sample_size": 1,
  "targets": [
    "asr",
    "hazard_weighted_asr",
    "alr"
  ],
  "text_cleaning": "mask_refusal_hazard_terms",
  "feature_set": "长度拒绝格式",
  "train_datasets": [
    "hb-4omini-ofa"
  ],
  "test_datasets": [
    "hb-qwen-ofa"
  ],
  "train_records": 1500,
  "test_records": 700,
  "results": {
    "asr": {
      "仅长度格式基线": {
        "合并": {
          "n": 700,
          "pearson": 0.8077411852368226,
          "spearman": 0.7727154711714677,
          "mae": 0.21893645452601568,
          "r2": 0.565264611296378,
          "同题序关系准确率": 0.6017347708416523,
          "按问题宏平均序准确率": 0.6166692514318342
        },
        "hb-qwen-ofa": {
          "n": 700,
          "pearson": 0.8077411852368226,
          "spearman": 0.7727154711714677,
          "mae": 0.21893645452601568,
          "r2": 0.565264611296378,
          "同题序关系准确率": 0.6017347708416523,
          "按问题宏平均序准确率": 0.6166692514318342
        }
      },
      "仅response文本": {
        "合并": {
          "n": 700,
          "pearson": 0.8797706223479738,
          "spearman": 0.7983757325545863,
          "mae": 0.2167531099495109,
          "r2": 0.6531178307772945,
          "同题序关系准确率": 0.6095878255468299,
          "按问题宏平均序准确率": 0.6262909144431328
        },
        "hb-qwen-ofa": {
          "n": 700,
          "pearson": 0.8797706223479738,
          "spearman": 0.7983757325545863,
          "mae": 0.2167531099495109,
          "r2": 0.6531178307772945,
          "同题序关系准确率": 0.6095878255468299,
          "按问题宏平均序准确率": 0.6262909144431328
        }
      },
      "长度格式基线_plus_文本残差": {
        "合并": {
          "n": 700,
          "pearson": 0.8120307416069112,
          "spearman": 0.7867811827077705,
          "mae": 0.20924083416076517,
          "r2": 0.5769197368001795,
          "同题序关系准确率": 0.5991170859399263,
          "按问题宏平均序准确率": 0.6152446314281012
        },
        "hb-qwen-ofa": {
          "n": 700,
          "pearson": 0.8120307416069112,
          "spearman": 0.7867811827077705,
          "mae": 0.20924083416076517,
          "r2": 0.5769197368001795,
          "同题序关系准确率": 0.5991170859399263,
          "按问题宏平均序准确率": 0.6152446314281012
        }
      },
      "残差本身": {
        "合并": {
          "n": 700,
          "pearson": 0.23200796891911596,
          "spearman": 0.20333811223794787,
          "mae": 0.20924083416076517,
          "r2": -0.15936001008553236,
          "同题序关系准确率": 0.5947910016149022,
          "按问题宏平均序准确率": 0.5491421337957108
        },
        "hb-qwen-ofa": {
          "n": 700,
          "pearson": 0.23200796891911596,
          "spearman": 0.20333811223794787,
          "mae": 0.20924083416076517,
          "r2": -0.15936001008553236,
          "同题序关系准确率": 0.5947910016149022,
          "按问题宏平均序准确率": 0.5491421337957108
        }
      }
    },
    "hazard_weighted_asr": {
      "仅长度格式基线": {
        "合并": {
          "n": 700,
          "pearson": 0.6887129790513699,
          "spearman": 0.7655699913959102,
          "mae": 0.20761062031609892,
          "r2": 0.4094205707047389,
          "同题序关系准确率": 0.5797741679873217,
          "按问题宏平均序准确率": 0.6001314939060184
        },
        "hb-qwen-ofa": {
          "n": 700,
          "pearson": 0.6887129790513699,
          "spearman": 0.7655699913959102,
          "mae": 0.20761062031609892,
          "r2": 0.4094205707047389,
          "同题序关系准确率": 0.5797741679873217,
          "按问题宏平均序准确率": 0.6001314939060184
        }
      },
      "仅response文本": {
        "合并": {
          "n": 700,
          "pearson": 0.8061793953820682,
          "spearman": 0.8211526859709299,
          "mae": 0.21444366315477176,
          "r2": 0.5394715993278392,
          "同题序关系准确率": 0.5994651347068146,
          "按问题宏平均序准确率": 0.6177685095490917
        },
        "hb-qwen-ofa": {
          "n": 700,
          "pearson": 0.8061793953820682,
          "spearman": 0.8211526859709299,
          "mae": 0.21444366315477176,
          "r2": 0.5394715993278392,
          "同题序关系准确率": 0.5994651347068146,
          "按问题宏平均序准确率": 0.6177685095490917
        }
      },
      "长度格式基线_plus_文本残差": {
        "合并": {
          "n": 700,
          "pearson": 0.7143803639826001,
          "spearman": 0.7887423927440315,
          "mae": 0.1978556743778481,
          "r2": 0.4439429186384566,
          "同题序关系准确率": 0.5830229793977812,
          "按问题宏平均序准确率": 0.6036962759137514
        },
        "hb-qwen-ofa": {
          "n": 700,
          "pearson": 0.7143803639826001,
          "spearman": 0.7887423927440315,
          "mae": 0.1978556743778481,
          "r2": 0.4439429186384566,
          "同题序关系准确率": 0.5830229793977812,
          "按问题宏平均序准确率": 0.6036962759137514
        }
      },
      "残差本身": {
        "合并": {
          "n": 700,
          "pearson": 0.3164145781842066,
          "spearman": 0.204575556596927,
          "mae": 0.1978556743778481,
          "r2": -0.04939814614713445,
          "同题序关系准确率": 0.6004543918284577,
          "按问题宏平均序准确率": 0.5950134178601301
        },
        "hb-qwen-ofa": {
          "n": 700,
          "pearson": 0.3164145781842066,
          "spearman": 0.204575556596927,
          "mae": 0.1978556743778481,
          "r2": -0.04939814614713445,
          "同题序关系准确率": 0.6004543918284577,
          "按问题宏平均序准确率": 0.5950134178601301
        }
      }
    },
    "alr": {
      "仅长度格式基线": {
        "合并": {
          "n": 700,
          "pearson": 0.9594018227151517,
          "spearman": 0.8184484715662863,
          "mae": 0.06116047261442457,
          "r2": 0.9188869370250919,
          "同题序关系准确率": 0.7897664071190211,
          "按问题宏平均序准确率": 0.7804282732897031
        },
        "hb-qwen-ofa": {
          "n": 700,
          "pearson": 0.9594018227151517,
          "spearman": 0.8184484715662863,
          "mae": 0.06116047261442457,
          "r2": 0.9188869370250919,
          "同题序关系准确率": 0.7897664071190211,
          "按问题宏平均序准确率": 0.7804282732897031
        }
      },
      "仅response文本": {
        "合并": {
          "n": 700,
          "pearson": 0.9619981234369148,
          "spearman": 0.8440734507479238,
          "mae": 0.13811382126892807,
          "r2": 0.7909195852050567,
          "同题序关系准确率": 0.835030375631043,
          "按问题宏平均序准确率": 0.8029533733279074
        },
        "hb-qwen-ofa": {
          "n": 700,
          "pearson": 0.9619981234369148,
          "spearman": 0.8440734507479238,
          "mae": 0.13811382126892807,
          "r2": 0.7909195852050567,
          "同题序关系准确率": 0.835030375631043,
          "按问题宏平均序准确率": 0.8029533733279074
        }
      },
      "长度格式基线_plus_文本残差": {
        "合并": {
          "n": 700,
          "pearson": 0.9588225619075437,
          "spearman": 0.8263245424722244,
          "mae": 0.06456843110367454,
          "r2": 0.9174070695496275,
          "同题序关系准确率": 0.7892530161718149,
          "按问题宏平均序准确率": 0.7800813920327949
        },
        "hb-qwen-ofa": {
          "n": 700,
          "pearson": 0.9588225619075437,
          "spearman": 0.8263245424722244,
          "mae": 0.06456843110367454,
          "r2": 0.9174070695496275,
          "同题序关系准确率": 0.7892530161718149,
          "按问题宏平均序准确率": 0.7800813920327949
        }
      },
      "残差本身": {
        "合并": {
          "n": 700,
          "pearson": -0.06793618473800463,
          "spearman": -0.2475840353132412,
          "mae": 0.06456843110367454,
          "r2": -0.03729655627753736,
          "同题序关系准确率": 0.4842131942935767,
          "按问题宏平均序准确率": 0.44287456946573744
        },
        "hb-qwen-ofa": {
          "n": 700,
          "pearson": -0.06793618473800463,
          "spearman": -0.2475840353132412,
          "mae": 0.06456843110367454,
          "r2": -0.03729655627753736,
          "同题序关系准确率": 0.4842131942935767,
          "按问题宏平均序准确率": 0.44287456946573744
        }
      }
    }
  }
}