{
  "说明": "基线先使用长度/拒绝/格式手工特征；文本模型只拟合训练残差。",
  "scores": "outputs/alternative_asr/all_14_datasets/alternative_asr_scores.jsonl",
  "sample_size": 1,
  "targets": [
    "asr",
    "hazard_weighted_asr",
    "alr"
  ],
  "text_cleaning": "mask_refusal_hazard_terms",
  "feature_set": "长度拒绝格式",
  "train_datasets": [
    "jbb-4omini-ofa"
  ],
  "test_datasets": [
    "jbb-llama-ofa"
  ],
  "train_records": 6000,
  "test_records": 2000,
  "results": {
    "asr": {
      "仅长度格式基线": {
        "合并": {
          "n": 2000,
          "pearson": -0.05465130888851094,
          "spearman": -0.15106336845040952,
          "mae": 0.3558059076964855,
          "r2": -0.17363038461865954,
          "同题序关系准确率": 0.4725491458839819,
          "按问题宏平均序准确率": 0.4665524071433856
        },
        "jbb-llama-ofa": {
          "n": 2000,
          "pearson": -0.05465130888851094,
          "spearman": -0.15106336845040952,
          "mae": 0.3558059076964855,
          "r2": -0.17363038461865954,
          "同题序关系准确率": 0.4725491458839819,
          "按问题宏平均序准确率": 0.4665524071433856
        }
      },
      "仅response文本": {
        "合并": {
          "n": 2000,
          "pearson": 0.7892190821744878,
          "spearman": 0.7193055183128632,
          "mae": 0.22474820401188006,
          "r2": 0.5227981264454784,
          "同题序关系准确率": 0.6247524593067251,
          "按问题宏平均序准确率": 0.6203019337354421
        },
        "jbb-llama-ofa": {
          "n": 2000,
          "pearson": 0.7892190821744878,
          "spearman": 0.7193055183128632,
          "mae": 0.22474820401188006,
          "r2": 0.5227981264454784,
          "同题序关系准确率": 0.6247524593067251,
          "按问题宏平均序准确率": 0.6203019337354421
        }
      },
      "长度格式基线_plus_文本残差": {
        "合并": {
          "n": 2000,
          "pearson": 0.5179110865164355,
          "spearman": 0.5700545713022743,
          "mae": 0.2925009421458733,
          "r2": 0.059341425255743374,
          "同题序关系准确率": 0.6038382895139347,
          "按问题宏平均序准确率": 0.5973175928611595
        },
        "jbb-llama-ofa": {
          "n": 2000,
          "pearson": 0.5179110865164355,
          "spearman": 0.5700545713022743,
          "mae": 0.2925009421458733,
          "r2": 0.059341425255743374,
          "同题序关系准确率": 0.6038382895139347,
          "按问题宏平均序准确率": 0.5973175928611595
        }
      },
      "残差本身": {
        "合并": {
          "n": 2000,
          "pearson": 0.6697967539910632,
          "spearman": 0.6922151341081504,
          "mae": 0.2925009421458733,
          "r2": 0.12277000245915648,
          "同题序关系准确率": 0.6089953032468859,
          "按问题宏平均序准确率": 0.6093801920875135
        },
        "jbb-llama-ofa": {
          "n": 2000,
          "pearson": 0.6697967539910632,
          "spearman": 0.6922151341081504,
          "mae": 0.2925009421458733,
          "r2": 0.12277000245915648,
          "同题序关系准确率": 0.6089953032468859,
          "按问题宏平均序准确率": 0.6093801920875135
        }
      }
    },
    "hazard_weighted_asr": {
      "仅长度格式基线": {
        "合并": {
          "n": 2000,
          "pearson": -0.0579851997609149,
          "spearman": -0.13048758111315312,
          "mae": 0.36338110442541444,
          "r2": -0.17019663149193343,
          "同题序关系准确率": 0.4912262156448203,
          "按问题宏平均序准确率": 0.49042443984700795
        },
        "jbb-llama-ofa": {
          "n": 2000,
          "pearson": -0.0579851997609149,
          "spearman": -0.13048758111315312,
          "mae": 0.36338110442541444,
          "r2": -0.17019663149193343,
          "同题序关系准确率": 0.4912262156448203,
          "按问题宏平均序准确率": 0.49042443984700795
        }
      },
      "仅response文本": {
        "合并": {
          "n": 2000,
          "pearson": 0.7379852604832582,
          "spearman": 0.7030316150689045,
          "mae": 0.24155622739530916,
          "r2": 0.4642477998603892,
          "同题序关系准确率": 0.6201080573173596,
          "按问题宏平均序准确率": 0.6213043622860538
        },
        "jbb-llama-ofa": {
          "n": 2000,
          "pearson": 0.7379852604832582,
          "spearman": 0.7030316150689045,
          "mae": 0.24155622739530916,
          "r2": 0.4642477998603892,
          "同题序关系准确率": 0.6201080573173596,
          "按问题宏平均序准确率": 0.6213043622860538
        }
      },
      "长度格式基线_plus_文本残差": {
        "合并": {
          "n": 2000,
          "pearson": 0.47907131874181885,
          "spearman": 0.5101171423822689,
          "mae": 0.3065378338517458,
          "r2": 0.07515253148965884,
          "同题序关系准确率": 0.5909678177120038,
          "按问题宏平均序准确率": 0.5917178482818437
        },
        "jbb-llama-ofa": {
          "n": 2000,
          "pearson": 0.47907131874181885,
          "spearman": 0.5101171423822689,
          "mae": 0.3065378338517458,
          "r2": 0.07515253148965884,
          "同题序关系准确率": 0.5909678177120038,
          "按问题宏平均序准确率": 0.5917178482818437
        }
      },
      "残差本身": {
        "合并": {
          "n": 2000,
          "pearson": 0.6434950604967182,
          "spearman": 0.6468417010477948,
          "mae": 0.3065378338517458,
          "r2": 0.1582618925581154,
          "同题序关系准确率": 0.622828150840156,
          "按问题宏平均序准确率": 0.6232163228516169
        },
        "jbb-llama-ofa": {
          "n": 2000,
          "pearson": 0.6434950604967182,
          "spearman": 0.6468417010477948,
          "mae": 0.3065378338517458,
          "r2": 0.1582618925581154,
          "同题序关系准确率": 0.622828150840156,
          "按问题宏平均序准确率": 0.6232163228516169
        }
      }
    },
    "alr": {
      "仅长度格式基线": {
        "合并": {
          "n": 2000,
          "pearson": 0.6390675673261303,
          "spearman": 0.6493188700678487,
          "mae": 0.21372384977340697,
          "r2": -0.16475062012499553,
          "同题序关系准确率": 0.7329874184957297,
          "按问题宏平均序准确率": 0.784331605262627
        },
        "jbb-llama-ofa": {
          "n": 2000,
          "pearson": 0.6390675673261303,
          "spearman": 0.6493188700678487,
          "mae": 0.21372384977340697,
          "r2": -0.16475062012499553,
          "同题序关系准确率": 0.7329874184957297,
          "按问题宏平均序准确率": 0.784331605262627
        }
      },
      "仅response文本": {
        "合并": {
          "n": 2000,
          "pearson": 0.8917261893538209,
          "spearman": 0.6414837465196637,
          "mae": 0.15121781009773042,
          "r2": 0.6572961775256755,
          "同题序关系准确率": 0.7447117886552178,
          "按问题宏平均序准确率": 0.7997014439005103
        },
        "jbb-llama-ofa": {
          "n": 2000,
          "pearson": 0.8917261893538209,
          "spearman": 0.6414837465196637,
          "mae": 0.15121781009773042,
          "r2": 0.6572961775256755,
          "同题序关系准确率": 0.7447117886552178,
          "按问题宏平均序准确率": 0.7997014439005103
        }
      },
      "长度格式基线_plus_文本残差": {
        "合并": {
          "n": 2000,
          "pearson": 0.739892379001096,
          "spearman": 0.6876039443005237,
          "mae": 0.20535244984648526,
          "r2": -0.07328509681535644,
          "同题序关系准确率": 0.7468852358649402,
          "按问题宏平均序准确率": 0.7897946341134419
        },
        "jbb-llama-ofa": {
          "n": 2000,
          "pearson": 0.739892379001096,
          "spearman": 0.6876039443005237,
          "mae": 0.20535244984648526,
          "r2": -0.07328509681535644,
          "同题序关系准确率": 0.7468852358649402,
          "按问题宏平均序准确率": 0.7897946341134419
        }
      },
      "残差本身": {
        "合并": {
          "n": 2000,
          "pearson": 0.5480435290841984,
          "spearman": 0.606868729078408,
          "mae": 0.20535244984648526,
          "r2": -0.18382982343960141,
          "同题序关系准确率": 0.5871977139138039,
          "按问题宏平均序准确率": 0.5870676376575757
        },
        "jbb-llama-ofa": {
          "n": 2000,
          "pearson": 0.5480435290841984,
          "spearman": 0.606868729078408,
          "mae": 0.20535244984648526,
          "r2": -0.18382982343960141,
          "同题序关系准确率": 0.5871977139138039,
          "按问题宏平均序准确率": 0.5870676376575757
        }
      }
    }
  }
}