{
  "说明": "基线先使用长度/拒绝/格式手工特征；文本模型只拟合训练残差。",
  "scores": "outputs/alternative_asr/all_14_datasets/alternative_asr_scores.jsonl",
  "sample_size": 1,
  "targets": [
    "asr",
    "hazard_weighted_asr",
    "alr"
  ],
  "text_cleaning": "mask_refusal_hazard_terms",
  "feature_set": "长度拒绝格式",
  "train_datasets": [
    "jbb-4omini-ofa"
  ],
  "test_datasets": [
    "jbb-4omini-ofa"
  ],
  "train_records": 6000,
  "test_records": 2000,
  "results": {
    "asr": {
      "仅长度格式基线": {
        "合并": {
          "n": 2000,
          "pearson": 0.6128432707277018,
          "spearman": 0.27089239852604585,
          "mae": 0.21243212410211562,
          "r2": 0.37115073048585134,
          "同题序关系准确率": 0.5455001361207032,
          "按问题宏平均序准确率": 0.5594570198724937
        },
        "jbb-4omini-ofa": {
          "n": 2000,
          "pearson": 0.6128432707277018,
          "spearman": 0.27089239852604585,
          "mae": 0.21243212410211562,
          "r2": 0.37115073048585134,
          "同题序关系准确率": 0.5455001361207032,
          "按问题宏平均序准确率": 0.5594570198724937
        }
      },
      "仅response文本": {
        "合并": {
          "n": 2000,
          "pearson": 0.7487354513486246,
          "spearman": 0.6226381140433055,
          "mae": 0.16893669585240975,
          "r2": 0.5220441737785145,
          "同题序关系准确率": 0.5856342508346348,
          "按问题宏平均序准确率": 0.5896726782112695
        },
        "jbb-4omini-ofa": {
          "n": 2000,
          "pearson": 0.7487354513486246,
          "spearman": 0.6226381140433055,
          "mae": 0.16893669585240975,
          "r2": 0.5220441737785145,
          "同题序关系准确率": 0.5856342508346348,
          "按问题宏平均序准确率": 0.5896726782112695
        }
      },
      "长度格式基线_plus_文本残差": {
        "合并": {
          "n": 2000,
          "pearson": 0.744196384126983,
          "spearman": 0.623431384993497,
          "mae": 0.16723396560376227,
          "r2": 0.5223890503705987,
          "同题序关系准确率": 0.5975555587396656,
          "按问题宏平均序准确率": 0.6075504713457305
        },
        "jbb-4omini-ofa": {
          "n": 2000,
          "pearson": 0.744196384126983,
          "spearman": 0.623431384993497,
          "mae": 0.16723396560376227,
          "r2": 0.5223890503705987,
          "同题序关系准确率": 0.5975555587396656,
          "按问题宏平均序准确率": 0.6075504713457305
        }
      },
      "残差本身": {
        "合并": {
          "n": 2000,
          "pearson": 0.5833738535651622,
          "spearman": 0.5995530289874411,
          "mae": 0.16723396560376227,
          "r2": 0.23763159391158128,
          "同题序关系准确率": 0.5908092064153302,
          "按问题宏平均序准确率": 0.5844278925737457
        },
        "jbb-4omini-ofa": {
          "n": 2000,
          "pearson": 0.5833738535651622,
          "spearman": 0.5995530289874411,
          "mae": 0.16723396560376227,
          "r2": 0.23763159391158128,
          "同题序关系准确率": 0.5908092064153302,
          "按问题宏平均序准确率": 0.5844278925737457
        }
      }
    },
    "hazard_weighted_asr": {
      "仅长度格式基线": {
        "合并": {
          "n": 2000,
          "pearson": 0.4449917971947184,
          "spearman": 0.25122333028958294,
          "mae": 0.25252415152672053,
          "r2": 0.1592068744272943,
          "同题序关系准确率": 0.5435469187281535,
          "按问题宏平均序准确率": 0.5582140265402069
        },
        "jbb-4omini-ofa": {
          "n": 2000,
          "pearson": 0.4449917971947184,
          "spearman": 0.25122333028958294,
          "mae": 0.25252415152672053,
          "r2": 0.1592068744272943,
          "同题序关系准确率": 0.5435469187281535,
          "按问题宏平均序准确率": 0.5582140265402069
        }
      },
      "仅response文本": {
        "合并": {
          "n": 2000,
          "pearson": 0.651358442559912,
          "spearman": 0.6427970186961524,
          "mae": 0.21498145507733615,
          "r2": 0.34730766536478286,
          "同题序关系准确率": 0.6067458667236127,
          "按问题宏平均序准确率": 0.6143046364114746
        },
        "jbb-4omini-ofa": {
          "n": 2000,
          "pearson": 0.651358442559912,
          "spearman": 0.6427970186961524,
          "mae": 0.21498145507733615,
          "r2": 0.34730766536478286,
          "同题序关系准确率": 0.6067458667236127,
          "按问题宏平均序准确率": 0.6143046364114746
        }
      },
      "长度格式基线_plus_文本残差": {
        "合并": {
          "n": 2000,
          "pearson": 0.6457723779310491,
          "spearman": 0.6211666517514315,
          "mae": 0.2121207468132637,
          "r2": 0.3467176812406747,
          "同题序关系准确率": 0.6082519416002607,
          "按问题宏平均序准确率": 0.61968745848667
        },
        "jbb-4omini-ofa": {
          "n": 2000,
          "pearson": 0.6457723779310491,
          "spearman": 0.6211666517514315,
          "mae": 0.2121207468132637,
          "r2": 0.3467176812406747,
          "同题序关系准确率": 0.6082519416002607,
          "按问题宏平均序准确率": 0.61968745848667
        }
      },
      "残差本身": {
        "合并": {
          "n": 2000,
          "pearson": 0.5734427652463642,
          "spearman": 0.5659437857685766,
          "mae": 0.2121207468132637,
          "r2": 0.20076324616617836,
          "同题序关系准确率": 0.6141433391652087,
          "按问题宏平均序准确率": 0.6071571347939055
        },
        "jbb-4omini-ofa": {
          "n": 2000,
          "pearson": 0.5734427652463642,
          "spearman": 0.5659437857685766,
          "mae": 0.2121207468132637,
          "r2": 0.20076324616617836,
          "同题序关系准确率": 0.6141433391652087,
          "按问题宏平均序准确率": 0.6071571347939055
        }
      }
    },
    "alr": {
      "仅长度格式基线": {
        "合并": {
          "n": 2000,
          "pearson": 0.9688549123374696,
          "spearman": 0.5186612795504373,
          "mae": 0.028918936562538147,
          "r2": 0.9378686366631385,
          "同题序关系准确率": 0.8421185584371842,
          "按问题宏平均序准确率": 0.8610241565891423
        },
        "jbb-4omini-ofa": {
          "n": 2000,
          "pearson": 0.9688549123374696,
          "spearman": 0.5186612795504373,
          "mae": 0.028918936562538147,
          "r2": 0.9378686366631385,
          "同题序关系准确率": 0.8421185584371842,
          "按问题宏平均序准确率": 0.8610241565891423
        }
      },
      "仅response文本": {
        "合并": {
          "n": 2000,
          "pearson": 0.9525906449451784,
          "spearman": 0.49781674240197826,
          "mae": 0.04619408226513301,
          "r2": 0.9067790945430685,
          "同题序关系准确率": 0.8286460087571573,
          "按问题宏平均序准确率": 0.8364302191490042
        },
        "jbb-4omini-ofa": {
          "n": 2000,
          "pearson": 0.9525906449451784,
          "spearman": 0.49781674240197826,
          "mae": 0.04619408226513301,
          "r2": 0.9067790945430685,
          "同题序关系准确率": 0.8286460087571573,
          "按问题宏平均序准确率": 0.8364302191490042
        }
      },
      "长度格式基线_plus_文本残差": {
        "合并": {
          "n": 2000,
          "pearson": 0.9688392344605845,
          "spearman": 0.5358754334922285,
          "mae": 0.02762877741838134,
          "r2": 0.9382769287819748,
          "同题序关系准确率": 0.8627484001347255,
          "按问题宏平均序准确率": 0.8855921682996432
        },
        "jbb-4omini-ofa": {
          "n": 2000,
          "pearson": 0.9688392344605845,
          "spearman": 0.5358754334922285,
          "mae": 0.02762877741838134,
          "r2": 0.9382769287819748,
          "同题序关系准确率": 0.8627484001347255,
          "按问题宏平均序准确率": 0.8855921682996432
        }
      },
      "残差本身": {
        "合并": {
          "n": 2000,
          "pearson": 0.11026252110372396,
          "spearman": 0.2885128456194134,
          "mae": 0.027628777418381337,
          "r2": -0.006150242208480039,
          "同题序关系准确率": 0.5500749796929998,
          "按问题宏平均序准确率": 0.5398657561275282
        },
        "jbb-4omini-ofa": {
          "n": 2000,
          "pearson": 0.11026252110372396,
          "spearman": 0.2885128456194134,
          "mae": 0.027628777418381337,
          "r2": -0.006150242208480039,
          "同题序关系准确率": 0.5500749796929998,
          "按问题宏平均序准确率": 0.5398657561275282
        }
      }
    }
  }
}