{
  "说明": "基线先使用长度/拒绝/格式手工特征；文本模型只拟合训练残差。",
  "scores": "outputs/alternative_asr/all_14_datasets/alternative_asr_scores.jsonl",
  "sample_size": 1,
  "targets": [
    "asr",
    "hazard_weighted_asr",
    "alr"
  ],
  "text_cleaning": "mask_refusal_hazard_terms",
  "feature_set": "长度拒绝格式",
  "train_datasets": [
    "jbb-deepseek-ofa"
  ],
  "test_datasets": [
    "jbb-4omini-ofa"
  ],
  "train_records": 6000,
  "test_records": 2000,
  "results": {
    "asr": {
      "仅长度格式基线": {
        "合并": {
          "n": 2000,
          "pearson": 0.5905562654476464,
          "spearman": 0.19815101308118024,
          "mae": 0.21340163335800172,
          "r2": 0.19473976097939383,
          "同题序关系准确率": 0.5256694989325271,
          "按问题宏平均序准确率": 0.5323271506274854
        },
        "jbb-4omini-ofa": {
          "n": 2000,
          "pearson": 0.5905562654476464,
          "spearman": 0.19815101308118024,
          "mae": 0.21340163335800172,
          "r2": 0.19473976097939383,
          "同题序关系准确率": 0.5256694989325271,
          "按问题宏平均序准确率": 0.5323271506274854
        }
      },
      "仅response文本": {
        "合并": {
          "n": 2000,
          "pearson": 0.7203298752084359,
          "spearman": 0.5607594792482741,
          "mae": 0.2124439558493275,
          "r2": 0.3072945727920835,
          "同题序关系准确率": 0.5874253127194051,
          "按问题宏平均序准确率": 0.5933595274207205
        },
        "jbb-4omini-ofa": {
          "n": 2000,
          "pearson": 0.7203298752084359,
          "spearman": 0.5607594792482741,
          "mae": 0.2124439558493275,
          "r2": 0.3072945727920835,
          "同题序关系准确率": 0.5874253127194051,
          "按问题宏平均序准确率": 0.5933595274207205
        }
      },
      "长度格式基线_plus_文本残差": {
        "合并": {
          "n": 2000,
          "pearson": 0.6639324651177767,
          "spearman": 0.44566074988917875,
          "mae": 0.19891065053911897,
          "r2": 0.3015946616370304,
          "同题序关系准确率": 0.5518906449255635,
          "按问题宏平均序准确率": 0.5602828864607116
        },
        "jbb-4omini-ofa": {
          "n": 2000,
          "pearson": 0.6639324651177767,
          "spearman": 0.44566074988917875,
          "mae": 0.19891065053911897,
          "r2": 0.3015946616370304,
          "同题序关系准确率": 0.5518906449255635,
          "按问题宏平均序准确率": 0.5602828864607116
        }
      },
      "残差本身": {
        "合并": {
          "n": 2000,
          "pearson": 0.5446162613898154,
          "spearman": 0.4899617589364269,
          "mae": 0.19891065053911897,
          "r2": -0.006085386014291538,
          "同题序关系准确率": 0.5906425744636534,
          "按问题宏平均序准确率": 0.5795017413717158
        },
        "jbb-4omini-ofa": {
          "n": 2000,
          "pearson": 0.5446162613898154,
          "spearman": 0.4899617589364269,
          "mae": 0.19891065053911897,
          "r2": -0.006085386014291538,
          "同题序关系准确率": 0.5906425744636534,
          "按问题宏平均序准确率": 0.5795017413717158
        }
      }
    },
    "hazard_weighted_asr": {
      "仅长度格式基线": {
        "合并": {
          "n": 2000,
          "pearson": 0.4343367577510815,
          "spearman": 0.17202026395389178,
          "mae": 0.30910947769131625,
          "r2": -0.4401520330667852,
          "同题序关系准确率": 0.5223157587133175,
          "按问题宏平均序准确率": 0.5373718527571025
        },
        "jbb-4omini-ofa": {
          "n": 2000,
          "pearson": 0.4343367577510815,
          "spearman": 0.17202026395389178,
          "mae": 0.30910947769131625,
          "r2": -0.4401520330667852,
          "同题序关系准确率": 0.5223157587133175,
          "按问题宏平均序准确率": 0.5373718527571025
        }
      },
      "仅response文本": {
        "合并": {
          "n": 2000,
          "pearson": 0.6559191340116073,
          "spearman": 0.6193745108805777,
          "mae": 0.26960790097742654,
          "r2": 0.030555473081869455,
          "同题序关系准确率": 0.5972373641441786,
          "按问题宏平均序准确率": 0.6047218493929738
        },
        "jbb-4omini-ofa": {
          "n": 2000,
          "pearson": 0.6559191340116073,
          "spearman": 0.6193745108805777,
          "mae": 0.26960790097742654,
          "r2": 0.030555473081869455,
          "同题序关系准确率": 0.5972373641441786,
          "按问题宏平均序准确率": 0.6047218493929738
        }
      },
      "长度格式基线_plus_文本残差": {
        "合并": {
          "n": 2000,
          "pearson": 0.5763585466223233,
          "spearman": 0.5337844746721196,
          "mae": 0.2876093344013537,
          "r2": -0.1973390523940699,
          "同题序关系准确率": 0.5577422364087982,
          "按问题宏平均序准确率": 0.5709441333120097
        },
        "jbb-4omini-ofa": {
          "n": 2000,
          "pearson": 0.5763585466223233,
          "spearman": 0.5337844746721196,
          "mae": 0.2876093344013537,
          "r2": -0.1973390523940699,
          "同题序关系准确率": 0.5577422364087982,
          "按问题宏平均序准确率": 0.5709441333120097
        }
      },
      "残差本身": {
        "合并": {
          "n": 2000,
          "pearson": 0.5637507610156257,
          "spearman": 0.5368138327281426,
          "mae": 0.2876093344013537,
          "r2": -0.28169540951217353,
          "同题序关系准确率": 0.6049789635924352,
          "按问题宏平均序准确率": 0.5946212898043204
        },
        "jbb-4omini-ofa": {
          "n": 2000,
          "pearson": 0.5637507610156257,
          "spearman": 0.5368138327281426,
          "mae": 0.2876093344013537,
          "r2": -0.28169540951217353,
          "同题序关系准确率": 0.6049789635924352,
          "按问题宏平均序准确率": 0.5946212898043204
        }
      }
    },
    "alr": {
      "仅长度格式基线": {
        "合并": {
          "n": 2000,
          "pearson": 0.8214734913679055,
          "spearman": 0.4938490816787146,
          "mae": 0.14007572121620177,
          "r2": 0.4838278268807069,
          "同题序关系准确率": 0.8286460087571573,
          "按问题宏平均序准确率": 0.8493468236840844
        },
        "jbb-4omini-ofa": {
          "n": 2000,
          "pearson": 0.8214734913679055,
          "spearman": 0.4938490816787146,
          "mae": 0.14007572121620177,
          "r2": 0.4838278268807069,
          "同题序关系准确率": 0.8286460087571573,
          "按问题宏平均序准确率": 0.8493468236840844
        }
      },
      "仅response文本": {
        "合并": {
          "n": 2000,
          "pearson": 0.9046217838444786,
          "spearman": 0.49532820958056767,
          "mae": 0.12133583217196142,
          "r2": 0.3127585549647933,
          "同题序关系准确率": 0.8363085213876726,
          "按问题宏平均序准确率": 0.8580800268531104
        },
        "jbb-4omini-ofa": {
          "n": 2000,
          "pearson": 0.9046217838444786,
          "spearman": 0.49532820958056767,
          "mae": 0.12133583217196142,
          "r2": 0.3127585549647933,
          "同题序关系准确率": 0.8363085213876726,
          "按问题宏平均序准确率": 0.8580800268531104
        }
      },
      "长度格式基线_plus_文本残差": {
        "合并": {
          "n": 2000,
          "pearson": 0.8526621016404846,
          "spearman": 0.49518236666977417,
          "mae": 0.12660992439290855,
          "r2": 0.4964193484198556,
          "同题序关系准确率": 0.8314247221286628,
          "按问题宏平均序准确率": 0.8569260703469143
        },
        "jbb-4omini-ofa": {
          "n": 2000,
          "pearson": 0.8526621016404846,
          "spearman": 0.49518236666977417,
          "mae": 0.12660992439290855,
          "r2": 0.4964193484198556,
          "同题序关系准确率": 0.8314247221286628,
          "按问题宏平均序准确率": 0.8569260703469143
        }
      },
      "残差本身": {
        "合并": {
          "n": 2000,
          "pearson": 0.1430533576373417,
          "spearman": 0.45006140758421487,
          "mae": 0.12660992439290855,
          "r2": 0.018566734395720097,
          "同题序关系准确率": 0.6725001562076938,
          "按问题宏平均序准确率": 0.6735087783859243
        },
        "jbb-4omini-ofa": {
          "n": 2000,
          "pearson": 0.1430533576373417,
          "spearman": 0.45006140758421487,
          "mae": 0.12660992439290855,
          "r2": 0.018566734395720097,
          "同题序关系准确率": 0.6725001562076938,