{
  "说明": "基线先使用长度/拒绝/格式手工特征；文本模型只拟合训练残差。",
  "scores": "outputs/alternative_asr/all_14_datasets/alternative_asr_scores.jsonl",
  "sample_size": 1,
  "targets": [
    "asr",
    "hazard_weighted_asr",
    "alr"
  ],
  "text_cleaning": "mask_refusal_hazard_terms",
  "feature_set": "长度拒绝格式",
  "train_datasets": [
    "jbb-llama-ofa"
  ],
  "test_datasets": [
    "jbb-llama-ofa"
  ],
  "train_records": 6000,
  "test_records": 2000,
  "results": {
    "asr": {
      "仅长度格式基线": {
        "合并": {
          "n": 2000,
          "pearson": 0.6863926411462664,
          "spearman": 0.5287970327323844,
          "mae": 0.2477909087449312,
          "r2": 0.46967929577480305,
          "同题序关系准确率": 0.6102542222794674,
          "按问题宏平均序准确率": 0.6042114186842867
        },
        "jbb-llama-ofa": {
          "n": 2000,
          "pearson": 0.6863926411462664,
          "spearman": 0.5287970327323844,
          "mae": 0.2477909087449312,
          "r2": 0.46967929577480305,
          "同题序关系准确率": 0.6102542222794674,
          "按问题宏平均序准确率": 0.6042114186842867
        }
      },
      "仅response文本": {
        "合并": {
          "n": 2000,
          "pearson": 0.8217454990791497,
          "spearman": 0.7873355737659408,
          "mae": 0.16993571412010539,
          "r2": 0.6589463838885812,
          "同题序关系准确率": 0.663199755276843,
          "按问题宏平均序准确率": 0.649006528374338
        },
        "jbb-llama-ofa": {
          "n": 2000,
          "pearson": 0.8217454990791497,
          "spearman": 0.7873355737659408,
          "mae": 0.16993571412010539,
          "r2": 0.6589463838885812,
          "同题序关系准确率": 0.663199755276843,
          "按问题宏平均序准确率": 0.649006528374338
        }
      },
      "长度格式基线_plus_文本残差": {
        "合并": {
          "n": 2000,
          "pearson": 0.8009544496132808,
          "spearman": 0.7412037863974861,
          "mae": 0.18052885562396345,
          "r2": 0.6273132524992447,
          "同题序关系准确率": 0.6456183284764373,
          "按问题宏平均序准确率": 0.6396429115814398
        },
        "jbb-llama-ofa": {
          "n": 2000,
          "pearson": 0.8009544496132808,
          "spearman": 0.7412037863974861,
          "mae": 0.18052885562396345,
          "r2": 0.6273132524992447,
          "同题序关系准确率": 0.6456183284764373,
          "按问题宏平均序准确率": 0.6396429115814398
        }
      },
      "残差本身": {
        "合并": {
          "n": 2000,
          "pearson": 0.598113851409673,
          "spearman": 0.6461605655673802,
          "mae": 0.18052885562396345,
          "r2": 0.2957348093145671,
          "同题序关系准确率": 0.6268735960792322,
          "按问题宏平均序准确率": 0.6273826762952192
        },
        "jbb-llama-ofa": {
          "n": 2000,
          "pearson": 0.598113851409673,
          "spearman": 0.6461605655673802,
          "mae": 0.18052885562396345,
          "r2": 0.2957348093145671,
          "同题序关系准确率": 0.6268735960792322,
          "按问题宏平均序准确率": 0.6273826762952192
        }
      }
    },
    "hazard_weighted_asr": {
      "仅长度格式基线": {
        "合并": {
          "n": 2000,
          "pearson": 0.5906919758553412,
          "spearman": 0.4996205237969006,
          "mae": 0.2637309283435359,
          "r2": 0.34735543967592175,
          "同题序关系准确率": 0.5848837209302326,
          "按问题宏平均序准确率": 0.5891555231980787
        },
        "jbb-llama-ofa": {
          "n": 2000,
          "pearson": 0.5906919758553412,
          "spearman": 0.4996205237969006,
          "mae": 0.2637309283435359,
          "r2": 0.34735543967592175,
          "同题序关系准确率": 0.5848837209302326,
          "按问题宏平均序准确率": 0.5891555231980787
        }
      },
      "仅response文本": {
        "合并": {
          "n": 2000,
          "pearson": 0.7758969588315299,
          "spearman": 0.7665693329121884,
          "mae": 0.19245357577480007,
          "r2": 0.5792995800607401,
          "同题序关系准确率": 0.6395466290815128,
          "按问题宏平均序准确率": 0.6409302952629286
        },
        "jbb-llama-ofa": {
          "n": 2000,
          "pearson": 0.7758969588315299,
          "spearman": 0.7665693329121884,
          "mae": 0.19245357577480007,
          "r2": 0.5792995800607401,
          "同题序关系准确率": 0.6395466290815128,
          "按问题宏平均序准确率": 0.6409302952629286
        }
      },
      "长度格式基线_plus_文本残差": {
        "合并": {
          "n": 2000,
          "pearson": 0.7662859317495148,
          "spearman": 0.7512913308482088,
          "mae": 0.19570639388670039,
          "r2": 0.5618514443203995,
          "同题序关系准确率": 0.6213883016208598,
          "按问题宏平均序准确率": 0.6243040023143307
        },
        "jbb-llama-ofa": {
          "n": 2000,
          "pearson": 0.7662859317495148,
          "spearman": 0.7512913308482088,
          "mae": 0.19570639388670039,
          "r2": 0.5618514443203995,
          "同题序关系准确率": 0.6213883016208598,
          "按问题宏平均序准确率": 0.6243040023143307
        }
      },
      "残差本身": {
        "合并": {
          "n": 2000,
          "pearson": 0.6233789579764888,
          "spearman": 0.6467573549320362,
          "mae": 0.19570639388670039,
          "r2": 0.3270797798951032,
          "同题序关系准确率": 0.6302228483345073,
          "按问题宏平均序准确率": 0.6309474038065159
        },
        "jbb-llama-ofa": {
          "n": 2000,
          "pearson": 0.6233789579764888,
          "spearman": 0.6467573549320362,
          "mae": 0.19570639388670039,
          "r2": 0.3270797798951032,
          "同题序关系准确率": 0.6302228483345073,
          "按问题宏平均序准确率": 0.6309474038065159
        }
      }
    },
    "alr": {
      "仅长度格式基线": {
        "合并": {
          "n": 2000,
          "pearson": 0.8446266111150608,
          "spearman": 0.6569740353865301,
          "mae": 0.14477639586627483,
          "r2": 0.7121079930251639,
          "同题序关系准确率": 0.7402424465056479,
          "按问题宏平均序准确率": 0.7890038522581866
        },
        "jbb-llama-ofa": {
          "n": 2000,
          "pearson": 0.8446266111150608,
          "spearman": 0.6569740353865301,
          "mae": 0.14477639586627483,
          "r2": 0.7121079930251639,
          "同题序关系准确率": 0.7402424465056479,
          "按问题宏平均序准确率": 0.7890038522581866
        }
      },
      "仅response文本": {
        "合并": {
          "n": 2000,
          "pearson": 0.9293442129645108,
          "spearman": 0.7473127177162158,
          "mae": 0.08688041774442222,
          "r2": 0.8573963031929716,
          "同题序关系准确率": 0.7992622524259957,
          "按问题宏平均序准确率": 0.8363708583228361
        },
        "jbb-llama-ofa": {
          "n": 2000,
          "pearson": 0.9293442129645108,
          "spearman": 0.7473127177162158,
          "mae": 0.08688041774442222,
          "r2": 0.8573963031929716,
          "同题序关系准确率": 0.7992622524259957,
          "按问题宏平均序准确率": 0.8363708583228361
        }
      },
      "长度格式基线_plus_文本残差": {
        "合并": {
          "n": 2000,
          "pearson": 0.8850676850691448,
          "spearman": 0.7233117601429707,
          "mae": 0.11661339055785164,
          "r2": 0.7831296174940384,
          "同题序关系准确率": 0.7837113907000949,
          "按问题宏平均序准确率": 0.8182798333555614
        },
        "jbb-llama-ofa": {
          "n": 2000,
          "pearson": 0.8850676850691448,
          "spearman": 0.7233117601429707,
          "mae": 0.11661339055785164,
          "r2": 0.7831296174940384,
          "同题序关系准确率": 0.7837113907000949,
          "按问题宏平均序准确率": 0.8182798333555614
        }
      },
      "残差本身": {
        "合并": {
          "n": 2000,
          "pearson": 0.5108549995708593,
          "spearman": 0.5871445159166068,
          "mae": 0.11661339055785164,
          "r2": 0.24495303874146734,
          "同题序关系准确率": 0.6537565847011206,
          "按问题宏平均序准确率": 0.6537866456606133
        },
        "jbb-llama-ofa": {
          "n": 2000,
          "pearson": 0.5108549995708593,
          "spearman": 0.5871445159166068,
          "mae": 0.11661339055785164,
          "r2": 0.24495303874146734,
          "同题序关系准确率": 0.6537565847011206,
          "按问题宏平均序准确率": 0.6537866456606133
        }
      }
    }
  }
}