{
  "说明": "基线先使用长度/拒绝/格式手工特征；文本模型只拟合训练残差。",
  "scores": "outputs/alternative_asr/all_14_datasets/alternative_asr_scores.jsonl",
  "sample_size": 1,
  "targets": [
    "asr",
    "hazard_weighted_asr",
    "alr"
  ],
  "text_cleaning": "mask_refusal_hazard_terms",
  "feature_set": "长度拒绝格式",
  "train_datasets": [
    "jbb-4omini-ofa"
  ],
  "test_datasets": [
    "jbb-deepseek-ofa"
  ],
  "train_records": 6000,
  "test_records": 2000,
  "results": {
    "asr": {
      "仅长度格式基线": {
        "合并": {
          "n": 2000,
          "pearson": 0.5955891406231046,
          "spearman": 0.16167679239484048,
          "mae": 0.25739082921445366,
          "r2": 0.043411560951850836,
          "同题序关系准确率": 0.5094535532320769,
          "按问题宏平均序准确率": 0.4545121329479816
        },
        "jbb-deepseek-ofa": {
          "n": 2000,
          "pearson": 0.5955891406231046,
          "spearman": 0.16167679239484048,
          "mae": 0.25739082921445366,
          "r2": 0.043411560951850836,
          "同题序关系准确率": 0.5094535532320769,
          "按问题宏平均序准确率": 0.4545121329479816
        }
      },
      "仅response文本": {
        "合并": {
          "n": 2000,
          "pearson": 0.6794077722822915,
          "spearman": 0.5838180965010534,
          "mae": 0.15371549154550285,
          "r2": 0.3788897869114728,
          "同题序关系准确率": 0.6341486972689735,
          "按问题宏平均序准确率": 0.6539857707174372
        },
        "jbb-deepseek-ofa": {
          "n": 2000,
          "pearson": 0.6794077722822915,
          "spearman": 0.5838180965010534,
          "mae": 0.15371549154550285,
          "r2": 0.3788897869114728,
          "同题序关系准确率": 0.6341486972689735,
          "按问题宏平均序准确率": 0.6539857707174372
        }
      },
      "长度格式基线_plus_文本残差": {
        "合并": {
          "n": 2000,
          "pearson": 0.7078133858591023,
          "spearman": 0.4745296836370439,
          "mae": 0.18893404888809642,
          "r2": 0.3865935863052221,
          "同题序关系准确率": 0.5488614686209644,
          "按问题宏平均序准确率": 0.5068059331838546
        },
        "jbb-deepseek-ofa": {
          "n": 2000,
          "pearson": 0.7078133858591023,
          "spearman": 0.4745296836370439,
          "mae": 0.18893404888809642,
          "r2": 0.3865935863052221,
          "同题序关系准确率": 0.5488614686209644,
          "按问题宏平均序准确率": 0.5068059331838546
        }
      },
      "残差本身": {
        "合并": {
          "n": 2000,
          "pearson": 0.48054777402453985,
          "spearman": 0.5333317168329292,
          "mae": 0.18893404888809642,
          "r2": 0.05427378773653224,
          "同题序关系准确率": 0.574060606060606,
          "按问题宏平均序准确率": 0.574060606060606
        },
        "jbb-deepseek-ofa": {
          "n": 2000,
          "pearson": 0.48054777402453985,
          "spearman": 0.5333317168329292,
          "mae": 0.18893404888809642,
          "r2": 0.05427378773653224,
          "同题序关系准确率": 0.574060606060606,
          "按问题宏平均序准确率": 0.574060606060606
        }
      }
    },
    "hazard_weighted_asr": {
      "仅长度格式基线": {
        "合并": {
          "n": 2000,
          "pearson": 0.4522596766444075,
          "spearman": 0.10868282632215773,
          "mae": 0.35019445604777516,
          "r2": -0.3512178572464042,
          "同题序关系准确率": 0.5033078338630937,
          "按问题宏平均序准确率": 0.49185248897095135
        },
        "jbb-deepseek-ofa": {
          "n": 2000,
          "pearson": 0.4522596766444075,
          "spearman": 0.10868282632215773,
          "mae": 0.35019445604777516,
          "r2": -0.3512178572464042,
          "同题序关系准确率": 0.5033078338630937,
          "按问题宏平均序准确率": 0.49185248897095135
        }
      },
      "仅response文本": {
        "合并": {
          "n": 2000,
          "pearson": 0.6596666229670438,
          "spearman": 0.5939196181992799,
          "mae": 0.23628476743998117,
          "r2": 0.32300968455389967,
          "同题序关系准确率": 0.6149833467674479,
          "按问题宏平均序准确率": 0.6118632750843677
        },
        "jbb-deepseek-ofa": {
          "n": 2000,
          "pearson": 0.6596666229670438,
          "spearman": 0.5939196181992799,
          "mae": 0.23628476743998117,
          "r2": 0.32300968455389967,
          "同题序关系准确率": 0.6149833467674479,
          "按问题宏平均序准确率": 0.6118632750843677
        }
      },
      "长度格式基线_plus_文本残差": {
        "合并": {
          "n": 2000,
          "pearson": 0.6466415673943594,
          "spearman": 0.47355112420434037,
          "mae": 0.27340829592859855,
          "r2": 0.14597631048312965,
          "同题序关系准确率": 0.5624077988837011,
          "按问题宏平均序准确率": 0.549791155446078
        },
        "jbb-deepseek-ofa": {
          "n": 2000,
          "pearson": 0.6466415673943594,
          "spearman": 0.47355112420434037,
          "mae": 0.27340829592859855,
          "r2": 0.14597631048312965,
          "同题序关系准确率": 0.5624077988837011,
          "按问题宏平均序准确率": 0.549791155446078
        }
      },
      "残差本身": {
        "合并": {
          "n": 2000,
          "pearson": 0.552066084369856,
          "spearman": 0.6035254763813691,
          "mae": 0.27340829592859855,
          "r2": -0.07187138911897795,
          "同题序关系准确率": 0.6062929292929293,
          "按问题宏平均序准确率": 0.6062929292929293
        },
        "jbb-deepseek-ofa": {
          "n": 2000,
          "pearson": 0.552066084369856,
          "spearman": 0.6035254763813691,
          "mae": 0.27340829592859855,
          "r2": -0.07187138911897795,
          "同题序关系准确率": 0.6062929292929293,
          "按问题宏平均序准确率": 0.6062929292929293
        }
      }
    },
    "alr": {
      "仅长度格式基线": {
        "合并": {
          "n": 2000,
          "pearson": 0.6127471850148121,
          "spearman": 0.40982998987517694,
          "mae": 0.06399978224635125,
          "r2": -9.73406997760799,
          "同题序关系准确率": 0.7729490306842983,
          "按问题宏平均序准确率": 0.8016939867743398
        },
        "jbb-deepseek-ofa": {
          "n": 2000,
          "pearson": 0.6127471850148121,
          "spearman": 0.40982998987517694,
          "mae": 0.06399978224635125,
          "r2": -9.73406997760799,
          "同题序关系准确率": 0.7729490306842983,
          "按问题宏平均序准确率": 0.8016939867743398
        }
      },
      "仅response文本": {
        "合并": {
          "n": 2000,
          "pearson": 0.6069201959754057,
          "spearman": 0.4075935421601993,
          "mae": 0.04862157327752008,
          "r2": -0.1866686778410349,
          "同题序关系准确率": 0.7775067402747464,
          "按问题宏平均序准确率": 0.7974443986078563
        },
        "jbb-deepseek-ofa": {
          "n": 2000,
          "pearson": 0.6069201959754057,
          "spearman": 0.4075935421601993,
          "mae": 0.04862157327752008,
          "r2": -0.1866686778410349,
          "同题序关系准确率": 0.7775067402747464,
          "按问题宏平均序准确率": 0.7974443986078563
        }
      },
      "长度格式基线_plus_文本残差": {
        "合并": {
          "n": 2000,
          "pearson": 0.6136302207307666,
          "spearman": 0.40775680219804117,
          "mae": 0.06830072798461946,
          "r2": -10.421899831863502,
          "同题序关系准确率": 0.7391834638592888,
          "按问题宏平均序准确率": 0.729820672426354
        },
        "jbb-deepseek-ofa": {
          "n": 2000,
          "pearson": 0.6136302207307666,
          "spearman": 0.40775680219804117,
          "mae": 0.06830072798461946,
          "r2": -10.421899831863502,
          "同题序关系准确率": 0.7391834638592888,
          "按问题宏平均序准确率": 0.729820672426354
        }
      },
      "残差本身": {
        "合并": {
          "n": 2000,
          "pearson": -0.3452081354796578,
          "spearman": 0.06972152495652681,
          "mae": 0.06830072798461947,
          "r2": -0.13575491385482708,
          "同题序关系准确率": 0.5178080808080808,
          "按问题宏平均序准确率": 0.5178080808080807
        },
        "jbb-deepseek-ofa": {
          "n": 2000,
          "pearson": -0.3452081354796578,
          "spearman": 0.06972152495652681,
          "mae": 0.06830072798461947,
          "r2": -0.13575491385482708,
          "同题序关系准确率": 0.5178080808080808,