{
  "说明": "基线先使用长度/拒绝/格式手工特征；文本模型只拟合训练残差。",
  "scores": "outputs/alternative_asr/all_14_datasets/alternative_asr_scores.jsonl",
  "sample_size": 1,
  "targets": [
    "asr",
    "hazard_weighted_asr",
    "alr"
  ],
  "text_cleaning": "mask_refusal_hazard_terms",
  "feature_set": "长度拒绝格式",
  "train_datasets": [
    "hb-4omini-ofa"
  ],
  "test_datasets": [
    "hb-4omini-ofa"
  ],
  "train_records": 1500,
  "test_records": 700,
  "results": {
    "asr": {
      "仅长度格式基线": {
        "合并": {
          "n": 700,
          "pearson": 0.8985262753978471,
          "spearman": 0.7865404649525073,
          "mae": 0.1547587651865823,
          "r2": 0.7534514761674926,
          "同题序关系准确率": 0.6575603843045703,
          "按问题宏平均序准确率": 0.6792247417047624
        },
        "hb-4omini-ofa": {
          "n": 700,
          "pearson": 0.8985262753978471,
          "spearman": 0.7865404649525073,
          "mae": 0.1547587651865823,
          "r2": 0.7534514761674926,
          "同题序关系准确率": 0.6575603843045703,
          "按问题宏平均序准确率": 0.6792247417047624
        }
      },
      "仅response文本": {
        "合并": {
          "n": 700,
          "pearson": 0.8146791359236979,
          "spearman": 0.7314460700059343,
          "mae": 0.1792131427857988,
          "r2": 0.6400137064273876,
          "同题序关系准确率": 0.6160321451019125,
          "按问题宏平均序准确率": 0.6495928036633268
        },
        "hb-4omini-ofa": {
          "n": 700,
          "pearson": 0.8146791359236979,
          "spearman": 0.7314460700059343,
          "mae": 0.1792131427857988,
          "r2": 0.6400137064273876,
          "同题序关系准确率": 0.6160321451019125,
          "按问题宏平均序准确率": 0.6495928036633268
        }
      },
      "长度格式基线_plus_文本残差": {
        "合并": {
          "n": 700,
          "pearson": 0.90356337784824,
          "spearman": 0.7927459560717416,
          "mae": 0.1421457894348089,
          "r2": 0.7775119160570751,
          "同题序关系准确率": 0.6544626021370208,
          "按问题宏平均序准确率": 0.6794996109785896
        },
        "hb-4omini-ofa": {
          "n": 700,
          "pearson": 0.90356337784824,
          "spearman": 0.7927459560717416,
          "mae": 0.1421457894348089,
          "r2": 0.7775119160570751,
          "同题序关系准确率": 0.6544626021370208,
          "按问题宏平均序准确率": 0.6794996109785896
        }
      },
      "残差本身": {
        "合并": {
          "n": 700,
          "pearson": 0.29099815198704443,
          "spearman": 0.32046088933395633,
          "mae": 0.1421457894348089,
          "r2": -0.08011650226993305,
          "同题序关系准确率": 0.5559806371018113,
          "按问题宏平均序准确率": 0.5283582758847792
        },
        "hb-4omini-ofa": {
          "n": 700,
          "pearson": 0.29099815198704443,
          "spearman": 0.32046088933395633,
          "mae": 0.1421457894348089,
          "r2": -0.08011650226993305,
          "同题序关系准确率": 0.5559806371018113,
          "按问题宏平均序准确率": 0.5283582758847792
        }
      }
    },
    "hazard_weighted_asr": {
      "仅长度格式基线": {
        "合并": {
          "n": 700,
          "pearson": 0.8015493015022865,
          "spearman": 0.7980033312562517,
          "mae": 0.18366636855449736,
          "r2": 0.5626022048722663,
          "同题序关系准确率": 0.6411932233094786,
          "按问题宏平均序准确率": 0.6631329974165424
        },
        "hb-4omini-ofa": {
          "n": 700,
          "pearson": 0.8015493015022865,
          "spearman": 0.7980033312562517,
          "mae": 0.18366636855449736,
          "r2": 0.5626022048722663,
          "同题序关系准确率": 0.6411932233094786,
          "按问题宏平均序准确率": 0.6631329974165424
        }
      },
      "仅response文本": {
        "合并": {
          "n": 700,
          "pearson": 0.7628452409678577,
          "spearman": 0.7662213783213835,
          "mae": 0.2021626998294169,
          "r2": 0.5283242634777419,
          "同题序关系准确率": 0.6296918358405141,
          "按问题宏平均序准确率": 0.6524609263815032
        },
        "hb-4omini-ofa": {
          "n": 700,
          "pearson": 0.7628452409678577,
          "spearman": 0.7662213783213835,
          "mae": 0.2021626998294169,
          "r2": 0.5283242634777419,
          "同题序关系准确率": 0.6296918358405141,
          "按问题宏平均序准确率": 0.6524609263815032
        }
      },
      "长度格式基线_plus_文本残差": {
        "合并": {
          "n": 700,
          "pearson": 0.8306524527369346,
          "spearman": 0.8229117354772232,
          "mae": 0.16996229255445275,
          "r2": 0.630653888116824,
          "同题序关系准确率": 0.6466335621440047,
          "按问题宏平均序准确率": 0.669427458528074
        },
        "hb-4omini-ofa": {
          "n": 700,
          "pearson": 0.8306524527369346,
          "spearman": 0.8229117354772232,
          "mae": 0.16996229255445275,
          "r2": 0.630653888116824,
          "同题序关系准确率": 0.6466335621440047,
          "按问题宏平均序准确率": 0.669427458528074
        }
      },
      "残差本身": {
        "合并": {
          "n": 700,
          "pearson": 0.45060182668816773,
          "spearman": 0.4307631095605542,
          "mae": 0.16996229255445275,
          "r2": 0.03387702047378627,
          "同题序关系准确率": 0.6369882264763749,
          "按问题宏平均序准确率": 0.6513115705118441
        },
        "hb-4omini-ofa": {
          "n": 700,
          "pearson": 0.45060182668816773,
          "spearman": 0.4307631095605542,
          "mae": 0.16996229255445275,
          "r2": 0.03387702047378627,
          "同题序关系准确率": 0.6369882264763749,
          "按问题宏平均序准确率": 0.6513115705118441
        }
      }
    },
    "alr": {
      "仅长度格式基线": {
        "合并": {
          "n": 700,
          "pearson": 0.9649382794631985,
          "spearman": 0.7457540484940006,
          "mae": 0.04676171330043248,
          "r2": 0.9275617800952465,
          "同题序关系准确率": 0.8472698496438934,
          "按问题宏平均序准确率": 0.8774824998576886
        },
        "hb-4omini-ofa": {
          "n": 700,
          "pearson": 0.9649382794631985,
          "spearman": 0.7457540484940006,
          "mae": 0.04676171330043248,
          "r2": 0.9275617800952465,
          "同题序关系准确率": 0.8472698496438934,
          "按问题宏平均序准确率": 0.8774824998576886
        }
      },
      "仅response文本": {
        "合并": {
          "n": 700,
          "pearson": 0.8586637277802185,
          "spearman": 0.7644404042284262,
          "mae": 0.10205711752835762,
          "r2": 0.7114631296346565,
          "同题序关系准确率": 0.8435109469796888,
          "按问题宏平均序准确率": 0.8567142249449434
        },
        "hb-4omini-ofa": {
          "n": 700,
          "pearson": 0.8586637277802185,
          "spearman": 0.7644404042284262,
          "mae": 0.10205711752835762,
          "r2": 0.7114631296346565,
          "同题序关系准确率": 0.8435109469796888,
          "按问题宏平均序准确率": 0.8567142249449434
        }
      },
      "长度格式基线_plus_文本残差": {
        "合并": {
          "n": 700,
          "pearson": 0.9671538407364113,
          "spearman": 0.7752806350280488,
          "mae": 0.046784642610668684,
          "r2": 0.9329304278531716,
          "同题序关系准确率": 0.8492482194671591,
          "按问题宏平均序准确率": 0.8799581824214967
        },
        "hb-4omini-ofa": {
          "n": 700,
          "pearson": 0.9671538407364113,
          "spearman": 0.7752806350280488,
          "mae": 0.046784642610668684,
          "r2": 0.9329304278531716,
          "同题序关系准确率": 0.8492482194671591,
          "按问题宏平均序准确率": 0.8799581824214967
        }
      },
      "残差本身": {
        "合并": {
          "n": 700,
          "pearson": 0.3243044218624184,
          "spearman": 0.24573482617195525,
          "mae": 0.046784642610668684,
          "r2": 0.040475361110306696,
          "同题序关系准确率": 0.47607453881449574,
          "按问题宏平均序准确率": 0.45248166265607387
        },
        "hb-4omini-ofa": {
          "n": 700,
          "pearson": 0.3243044218624184,
          "spearman": 0.24573482617195525,
          "mae": 0.046784642610668684,
          "r2": 0.040475361110306696,
          "同题序关系准确率": 0.47607453881449574,
          "按问题宏平均序准确率": 0.45248166265607387
        }
      }
    }
  }
}