{
  "说明": "基线先使用长度/拒绝/格式手工特征；文本模型只拟合训练残差。",
  "scores": "outputs/alternative_asr/all_14_datasets/alternative_asr_scores.jsonl",
  "sample_size": 1,
  "targets": [
    "asr",
    "hazard_weighted_asr",
    "alr"
  ],
  "text_cleaning": "mask_refusal_hazard_terms",
  "feature_set": "长度拒绝格式",
  "train_datasets": [
    "hb-deepseek-ofa"
  ],
  "test_datasets": [
    "hb-qwen-ofa"
  ],
  "train_records": 1500,
  "test_records": 700,
  "results": {
    "asr": {
      "仅长度格式基线": {
        "合并": {
          "n": 700,
          "pearson": 0.9051217140478296,
          "spearman": 0.8048452957643818,
          "mae": 0.16609050188745772,
          "r2": 0.735651050633872,
          "同题序关系准确率": 0.615089400594525,
          "按问题宏平均序准确率": 0.6278812504966952
        },
        "hb-qwen-ofa": {
          "n": 700,
          "pearson": 0.9051217140478296,
          "spearman": 0.8048452957643818,
          "mae": 0.16609050188745772,
          "r2": 0.735651050633872,
          "同题序关系准确率": 0.615089400594525,
          "按问题宏平均序准确率": 0.6278812504966952
        }
      },
      "仅response文本": {
        "合并": {
          "n": 700,
          "pearson": 0.9035929977824046,
          "spearman": 0.853317102741478,
          "mae": 0.32984988494947926,
          "r2": -0.04036373896738765,
          "同题序关系准确率": 0.694241093216203,
          "按问题宏平均序准确率": 0.6855674513464602
        },
        "hb-qwen-ofa": {
          "n": 700,
          "pearson": 0.9035929977824046,
          "spearman": 0.853317102741478,
          "mae": 0.32984988494947926,
          "r2": -0.04036373896738765,
          "同题序关系准确率": 0.694241093216203,
          "按问题宏平均序准确率": 0.6855674513464602
        }
      },
      "长度格式基线_plus_文本残差": {
        "合并": {
          "n": 700,
          "pearson": 0.9077374045289305,
          "spearman": 0.8251213567218061,
          "mae": 0.16178429545546208,
          "r2": 0.7487834449944448,
          "同题序关系准确率": 0.6231642930032388,
          "按问题宏平均序准确率": 0.6332041493003189
        },
        "hb-qwen-ofa": {
          "n": 700,
          "pearson": 0.9077374045289305,
          "spearman": 0.8251213567218061,
          "mae": 0.16178429545546208,
          "r2": 0.7487834449944448,
          "同题序关系准确率": 0.6231642930032388,
          "按问题宏平均序准确率": 0.6332041493003189
        }
      },
      "残差本身": {
        "合并": {
          "n": 700,
          "pearson": 0.14506270766835644,
          "spearman": 0.0789334520686993,
          "mae": 0.16178429545546205,
          "r2": -0.3043165559016623,
          "同题序关系准确率": 0.5206181695271717,
          "按问题宏平均序准确率": 0.5112282585611141
        },
        "hb-qwen-ofa": {
          "n": 700,
          "pearson": 0.14506270766835644,
          "spearman": 0.0789334520686993,
          "mae": 0.16178429545546205,
          "r2": -0.3043165559016623,
          "同题序关系准确率": 0.5206181695271717,
          "按问题宏平均序准确率": 0.5112282585611141
        }
      }
    },
    "hazard_weighted_asr": {
      "仅长度格式基线": {
        "合并": {
          "n": 700,
          "pearson": 0.8041669607409664,
          "spearman": 0.8040359189715056,
          "mae": 0.1924577873484574,
          "r2": 0.5216616094089912,
          "同题序关系准确率": 0.615986529318542,
          "按问题宏平均序准确率": 0.6267177684228419
        },
        "hb-qwen-ofa": {
          "n": 700,
          "pearson": 0.8041669607409664,
          "spearman": 0.8040359189715056,
          "mae": 0.1924577873484574,
          "r2": 0.5216616094089912,
          "同题序关系准确率": 0.615986529318542,
          "按问题宏平均序准确率": 0.6267177684228419
        }
      },
      "仅response文本": {
        "合并": {
          "n": 700,
          "pearson": 0.8394331951288945,
          "spearman": 0.8603773988152152,
          "mae": 0.3306791375831089,
          "r2": -0.14589302237816382,
          "同题序关系准确率": 0.6717709984152139,
          "按问题宏平均序准确率": 0.6682211137783283
        },
        "hb-qwen-ofa": {
          "n": 700,
          "pearson": 0.8394331951288945,
          "spearman": 0.8603773988152152,
          "mae": 0.3306791375831089,
          "r2": -0.14589302237816382,
          "同题序关系准确率": 0.6717709984152139,
          "按问题宏平均序准确率": 0.6682211137783283
        }
      },
      "长度格式基线_plus_文本残差": {
        "合并": {
          "n": 700,
          "pearson": 0.8226409711932212,
          "spearman": 0.8341046070977678,
          "mae": 0.1715418261442889,
          "r2": 0.598529337580525,
          "同题序关系准确率": 0.6332606973058638,
          "按问题宏平均序准确率": 0.6426748361696488
        },
        "hb-qwen-ofa": {
          "n": 700,
          "pearson": 0.8226409711932212,
          "spearman": 0.8341046070977678,
          "mae": 0.1715418261442889,
          "r2": 0.598529337580525,
          "同题序关系准确率": 0.6332606973058638,
          "按问题宏平均序准确率": 0.6426748361696488
        }
      },
      "残差本身": {
        "合并": {
          "n": 700,
          "pearson": 0.35833977271299355,
          "spearman": 0.3948229913106265,
          "mae": 0.1715418261442889,
          "r2": -0.11973557540348123,
          "同题序关系准确率": 0.5662060159975966,
          "按问题宏平均序准确率": 0.6020133947388674
        },
        "hb-qwen-ofa": {
          "n": 700,
          "pearson": 0.35833977271299355,
          "spearman": 0.3948229913106265,
          "mae": 0.1715418261442889,
          "r2": -0.11973557540348123,
          "同题序关系准确率": 0.5662060159975966,
          "按问题宏平均序准确率": 0.6020133947388674
        }
      }
    },
    "alr": {
      "仅长度格式基线": {
        "合并": {
          "n": 700,
          "pearson": -0.1832638968953989,
          "spearman": -0.29604516231276384,
          "mae": 0.363953421166965,
          "r2": -0.6118344979902626,
          "同题序关系准确率": 0.4588859416445623,
          "按问题宏平均序准确率": 0.41247935557835946
        },
        "hb-qwen-ofa": {
          "n": 700,
          "pearson": -0.1832638968953989,
          "spearman": -0.29604516231276384,
          "mae": 0.363953421166965,
          "r2": -0.6118344979902626,
          "同题序关系准确率": 0.4588859416445623,
          "按问题宏平均序准确率": 0.41247935557835946
        }
      },
      "仅response文本": {
        "合并": {
          "n": 700,
          "pearson": 0.784781371453446,
          "spearman": 0.743870550142307,
          "mae": 0.36244597406781565,
          "r2": -0.6014434148931964,
          "同题序关系准确率": 0.8118422178488919,
          "按问题宏平均序准确率": 0.7690753867652061
        },
        "hb-qwen-ofa": {
          "n": 700,
          "pearson": 0.784781371453446,
          "spearman": 0.743870550142307,
          "mae": 0.36244597406781565,
          "r2": -0.6014434148931964,
          "同题序关系准确率": 0.8118422178488919,
          "按问题宏平均序准确率": 0.7690753867652061
        }
      },
      "长度格式基线_plus_文本残差": {
        "合并": {
          "n": 700,
          "pearson": 0.44183554849299844,
          "spearman": 0.45557019993879627,
          "mae": 0.36320451764373074,
          "r2": -0.6023474357487886,
          "同题序关系准确率": 0.6882861298879096,
          "按问题宏平均序准确率": 0.6384295169105842
        },
        "hb-qwen-ofa": {
          "n": 700,
          "pearson": 0.44183554849299844,
          "spearman": 0.45557019993879627,
          "mae": 0.36320451764373074,
          "r2": -0.6023474357487886,
          "同题序关系准确率": 0.6882861298879096,
          "按问题宏平均序准确率": 0.6384295169105842
        }
      },
      "残差本身": {
        "合并": {
          "n": 700,
          "pearson": 0.7673016656715081,
          "spearman": 0.5344151322711577,
          "mae": 0.36320451764373074,
          "r2": -0.600690825085124,
          "同题序关系准确率": 0.5740459120863205,
          "按问题宏平均序准确率": 0.6125554452340686
        },
        "hb-qwen-ofa": {
          "n": 700,
          "pearson": 0.7673016656715081,
          "spearman": 0.5344151322711577,
          "mae": 0.36320451764373074,
          "r2": -0.600690825085124,
          "同题序关系准确率": 0.5740459120863205,
          "按问题宏平均序准确率": 0.6125554452340686
        }
      }
    }
  }
}