{
  "说明": "基线先使用长度/拒绝/格式手工特征；文本模型只拟合训练残差。",
  "scores": "outputs/alternative_asr/all_14_datasets/alternative_asr_scores.jsonl",
  "sample_size": 1,
  "targets": [
    "asr",
    "hazard_weighted_asr",
    "alr"
  ],
  "text_cleaning": "mask_refusal_hazard_terms",
  "feature_set": "长度拒绝格式",
  "train_datasets": [
    "hb-deepseek-ofa"
  ],
  "test_datasets": [
    "hb-4omini-ofa"
  ],
  "train_records": 1500,
  "test_records": 700,
  "results": {
    "asr": {
      "仅长度格式基线": {
        "合并": {
          "n": 700,
          "pearson": 0.912417561462523,
          "spearman": 0.791119427602419,
          "mae": 0.1311272794348853,
          "r2": 0.7798644939360815,
          "同题序关系准确率": 0.6629927269462154,
          "按问题宏平均序准确率": 0.6867237422818783
        },
        "hb-4omini-ofa": {
          "n": 700,
          "pearson": 0.912417561462523,
          "spearman": 0.791119427602419,
          "mae": 0.1311272794348853,
          "r2": 0.7798644939360815,
          "同题序关系准确率": 0.6629927269462154,
          "按问题宏平均序准确率": 0.6867237422818783
        }
      },
      "仅response文本": {
        "合并": {
          "n": 700,
          "pearson": 0.8484644760564701,
          "spearman": 0.7707868152031755,
          "mae": 0.25876099941047437,
          "r2": 0.10556627974392407,
          "同题序关系准确率": 0.6469201759899434,
          "按问题宏平均序准确率": 0.6608849461612886
        },
        "hb-4omini-ofa": {
          "n": 700,
          "pearson": 0.8484644760564701,
          "spearman": 0.7707868152031755,
          "mae": 0.25876099941047437,
          "r2": 0.10556627974392407,
          "同题序关系准确率": 0.6469201759899434,
          "按问题宏平均序准确率": 0.6608849461612886
        }
      },
      "长度格式基线_plus_文本残差": {
        "合并": {
          "n": 700,
          "pearson": 0.9134159215016748,
          "spearman": 0.806035617315538,
          "mae": 0.12899429021619305,
          "r2": 0.7892635550883921,
          "同题序关系准确率": 0.6738574122295052,
          "按问题宏平均序准确率": 0.6971705394586968
        },
        "hb-4omini-ofa": {
          "n": 700,
          "pearson": 0.9134159215016748,
          "spearman": 0.806035617315538,
          "mae": 0.12899429021619305,
          "r2": 0.7892635550883921,
          "同题序关系准确率": 0.6738574122295052,
          "按问题宏平均序准确率": 0.6971705394586968
        }
      },
      "残差本身": {
        "合并": {
          "n": 700,
          "pearson": 0.09244120102285211,
          "spearman": 0.05803976269943777,
          "mae": 0.12899429021619305,
          "r2": -0.2539897746388533,
          "同题序关系准确率": 0.5041692692067458,
          "按问题宏平均序准确率": 0.47844991028916223
        },
        "hb-4omini-ofa": {
          "n": 700,
          "pearson": 0.09244120102285211,
          "spearman": 0.05803976269943777,
          "mae": 0.12899429021619305,
          "r2": -0.2539897746388533,
          "同题序关系准确率": 0.5041692692067458,
          "按问题宏平均序准确率": 0.47844991028916223
        }
      }
    },
    "hazard_weighted_asr": {
      "仅长度格式基线": {
        "合并": {
          "n": 700,
          "pearson": 0.7706394788266797,
          "spearman": 0.7481806437769798,
          "mae": 0.21311647508691217,
          "r2": 0.46061690326202664,
          "同题序关系准确率": 0.6380531619687454,
          "按问题宏平均序准确率": 0.6657190363449507
        },
        "hb-4omini-ofa": {
          "n": 700,
          "pearson": 0.7706394788266797,
          "spearman": 0.7481806437769798,
          "mae": 0.21311647508691217,
          "r2": 0.46061690326202664,
          "同题序关系准确率": 0.6380531619687454,
          "按问题宏平均序准确率": 0.6657190363449507
        }
      },
      "仅response文本": {
        "合并": {
          "n": 700,
          "pearson": 0.8061568675749355,
          "spearman": 0.7907052194661041,
          "mae": 0.2963890082642215,
          "r2": 0.0585281935014087,
          "同题序关系准确率": 0.6513801664962757,
          "按问题宏平均序准确率": 0.6691566351797367
        },
        "hb-4omini-ofa": {
          "n": 700,
          "pearson": 0.8061568675749355,
          "spearman": 0.7907052194661041,
          "mae": 0.2963890082642215,
          "r2": 0.0585281935014087,
          "同题序关系准确率": 0.6513801664962757,
          "按问题宏平均序准确率": 0.6691566351797367
        }
      },
      "长度格式基线_plus_文本残差": {
        "合并": {
          "n": 700,
          "pearson": 0.7997157125312633,
          "spearman": 0.8098363150890037,
          "mae": 0.18966811805802106,
          "r2": 0.5505307528230914,
          "同题序关系准确率": 0.649335475390682,
          "按问题宏平均序准确率": 0.6763721552371337
        },
        "hb-4omini-ofa": {
          "n": 700,
          "pearson": 0.7997157125312633,
          "spearman": 0.8098363150890037,
          "mae": 0.18966811805802106,
          "r2": 0.5505307528230914,
          "同题序关系准确率": 0.649335475390682,
          "按问题宏平均序准确率": 0.6763721552371337
        }
      },
      "残差本身": {
        "合并": {
          "n": 700,
          "pearson": 0.4775717093091652,
          "spearman": 0.485220611021269,
          "mae": 0.18966811805802106,
          "r2": -0.0755065832285633,
          "同题序关系准确率": 0.5180662690109615,
          "按问题宏平均序准确率": 0.4927316956485112
        },
        "hb-4omini-ofa": {
          "n": 700,
          "pearson": 0.4775717093091652,
          "spearman": 0.485220611021269,
          "mae": 0.18966811805802106,
          "r2": -0.0755065832285633,
          "同题序关系准确率": 0.5180662690109615,
          "按问题宏平均序准确率": 0.4927316956485112
        }
      }
    },
    "alr": {
      "仅长度格式基线": {
        "合并": {
          "n": 700,
          "pearson": -0.6952467554167974,
          "spearman": -0.7254439381898627,
          "mae": 0.2537659539324897,
          "r2": -0.36398824378705696,
          "同题序关系准确率": 0.21590609337905567,
          "按问题宏平均序准确率": 0.15731500757511388
        },
        "hb-4omini-ofa": {
          "n": 700,
          "pearson": -0.6952467554167974,
          "spearman": -0.7254439381898627,
          "mae": 0.2537659539324897,
          "r2": -0.36398824378705696,
          "同题序关系准确率": 0.21590609337905567,
          "按问题宏平均序准确率": 0.15731500757511388
        }
      },
      "仅response文本": {
        "合并": {
          "n": 700,
          "pearson": 0.6593982007588653,
          "spearman": 0.6157155957711431,
          "mae": 0.2515193596861791,
          "r2": -0.34708105417065327,
          "同题序关系准确率": 0.8406093379055658,
          "按问题宏平均序准确率": 0.8525537972577343
        },
        "hb-4omini-ofa": {
          "n": 700,
          "pearson": 0.6593982007588653,
          "spearman": 0.6157155957711431,
          "mae": 0.2515193596861791,
          "r2": -0.34708105417065327,
          "同题序关系准确率": 0.8406093379055658,
          "按问题宏平均序准确率": 0.8525537972577343
        }
      },
      "长度格式基线_plus_文本残差": {
        "合并": {
          "n": 700,
          "pearson": -0.33470581577798175,
          "spearman": -0.22459195215551478,
          "mae": 0.25347341674479196,
          "r2": -0.35456385588333794,
          "同题序关系准确率": 0.6425745185966764,
          "按问题宏平均序准确率": 0.4966304156032446
        },
        "hb-4omini-ofa": {
          "n": 700,
          "pearson": -0.33470581577798175,
          "spearman": -0.22459195215551478,
          "mae": 0.25347341674479196,
          "r2": -0.35456385588333794,
          "同题序关系准确率": 0.6425745185966764,
          "按问题宏平均序准确率": 0.4966304156032446
        }
      },
      "残差本身": {
        "合并": {
          "n": 700,
          "pearson": 0.6895094063657434,
          "spearman": 0.3992047116344914,
          "mae": 0.25347341674479196,
          "r2": -0.3434403754983195,
          "同题序关系准确率": 0.5644099010519087,
          "按问题宏平均序准确率": 0.588804917827544
        },
        "hb-4omini-ofa": {
          "n": 700,
          "pearson": 0.6895094063657434,
          "spearman": 0.3992047116344914,
          "mae": 0.25347341674479196,
          "r2": -0.3434403754983195,
          "同题序关系准确率": 0.5644099010519087,
          "按问题宏平均序准确率": 0.588804917827544
        }
      }
    }
  }
}