{
  "说明": "基线先使用长度/拒绝/格式手工特征；文本模型只拟合训练残差。",
  "scores": "outputs/alternative_asr/all_14_datasets/alternative_asr_scores.jsonl",
  "sample_size": 1,
  "targets": [
    "asr",
    "hazard_weighted_asr",
    "alr"
  ],
  "text_cleaning": "mask_refusal_hazard_terms",
  "feature_set": "长度拒绝格式",
  "train_datasets": [
    "jbb-llama-ofa"
  ],
  "test_datasets": [
    "jbb-qwen-ofa"
  ],
  "train_records": 6000,
  "test_records": 2000,
  "results": {
    "asr": {
      "仅长度格式基线": {
        "合并": {
          "n": 2000,
          "pearson": 0.3684752543990327,
          "spearman": 0.35949415949646435,
          "mae": 0.41508253666162487,
          "r2": -0.30687139824130205,
          "同题序关系准确率": 0.6128410390459075,
          "按问题宏平均序准确率": 0.6108606451096705
        },
        "jbb-qwen-ofa": {
          "n": 2000,
          "pearson": 0.3684752543990327,
          "spearman": 0.35949415949646435,
          "mae": 0.41508253666162487,
          "r2": -0.30687139824130205,
          "同题序关系准确率": 0.6128410390459075,
          "按问题宏平均序准确率": 0.6108606451096705
        }
      },
      "仅response文本": {
        "合并": {
          "n": 2000,
          "pearson": 0.4829790930454485,
          "spearman": 0.5453549542200882,
          "mae": 0.38220492656248733,
          "r2": -0.32490254154330067,
          "同题序关系准确率": 0.5877634373468388,
          "按问题宏平均序准确率": 0.5856248528546886
        },
        "jbb-qwen-ofa": {
          "n": 2000,
          "pearson": 0.4829790930454485,
          "spearman": 0.5453549542200882,
          "mae": 0.38220492656248733,
          "r2": -0.32490254154330067,
          "同题序关系准确率": 0.5877634373468388,
          "按问题宏平均序准确率": 0.5856248528546886
        }
      },
      "长度格式基线_plus_文本残差": {
        "合并": {
          "n": 2000,
          "pearson": 0.47943826260367634,
          "spearman": 0.4982463484902777,
          "mae": 0.3772596593146286,
          "r2": -0.3333278409779983,
          "同题序关系准确率": 0.6203724881555301,
          "按问题宏平均序准确率": 0.6243152369607825
        },
        "jbb-qwen-ofa": {
          "n": 2000,
          "pearson": 0.47943826260367634,
          "spearman": 0.4982463484902777,
          "mae": 0.3772596593146286,
          "r2": -0.3333278409779983,
          "同题序关系准确率": 0.6203724881555301,
          "按问题宏平均序准确率": 0.6243152369607825
        }
      },
      "残差本身": {
        "合并": {
          "n": 2000,
          "pearson": 0.2347444299788046,
          "spearman": 0.2889094574416025,
          "mae": 0.3772596593146286,
          "r2": -0.4664359176197037,
          "同题序关系准确率": 0.5929096000422677,
          "按问题宏平均序准确率": 0.5959471632399007
        },
        "jbb-qwen-ofa": {
          "n": 2000,
          "pearson": 0.2347444299788046,
          "spearman": 0.2889094574416025,
          "mae": 0.3772596593146286,
          "r2": -0.4664359176197037,
          "同题序关系准确率": 0.5929096000422677,
          "按问题宏平均序准确率": 0.5959471632399007
        }
      }
    },
    "hazard_weighted_asr": {
      "仅长度格式基线": {
        "合并": {
          "n": 2000,
          "pearson": 0.29214538866935497,
          "spearman": 0.3449956786798748,
          "mae": 0.39183293679225223,
          "r2": -0.24544601897508977,
          "同题序关系准确率": 0.5938001407459536,
          "按问题宏平均序准确率": 0.5969941892780355
        },
        "jbb-qwen-ofa": {
          "n": 2000,
          "pearson": 0.29214538866935497,
          "spearman": 0.3449956786798748,
          "mae": 0.39183293679225223,
          "r2": -0.24544601897508977,
          "同题序关系准确率": 0.5938001407459536,
          "按问题宏平均序准确率": 0.5969941892780355
        }
      },
      "仅response文本": {
        "合并": {
          "n": 2000,
          "pearson": 0.48495534749238955,
          "spearman": 0.5799749643318809,
          "mae": 0.36543802694791006,
          "r2": -0.2554795786470019,
          "同题序关系准确率": 0.5912104152005629,
          "按问题宏平均序准确率": 0.6044566478231945
        },
        "jbb-qwen-ofa": {
          "n": 2000,
          "pearson": 0.48495534749238955,
          "spearman": 0.5799749643318809,
          "mae": 0.36543802694791006,
          "r2": -0.2554795786470019,
          "同题序关系准确率": 0.5912104152005629,
          "按问题宏平均序准确率": 0.6044566478231945
        }
      },
      "长度格式基线_plus_文本残差": {
        "合并": {
          "n": 2000,
          "pearson": 0.4723193584091784,
          "spearman": 0.5541248180365808,
          "mae": 0.3562246488815165,
          "r2": -0.2353345840141352,
          "同题序关系准确率": 0.6068895144264602,
          "按问题宏平均序准确率": 0.6181327010814568
        },
        "jbb-qwen-ofa": {
          "n": 2000,
          "pearson": 0.4723193584091784,
          "spearman": 0.5541248180365808,
          "mae": 0.3562246488815165,
          "r2": -0.2353345840141352,
          "同题序关系准确率": 0.6068895144264602,
          "按问题宏平均序准确率": 0.6181327010814568
        }
      },
      "残差本身": {
        "合并": {
          "n": 2000,
          "pearson": 0.3356023458128089,
          "spearman": 0.29861644563756595,
          "mae": 0.3562246488815165,
          "r2": -0.27715790292406184,
          "同题序关系准确率": 0.5855188081149619,
          "按问题宏平均序准确率": 0.5887853054740005
        },
        "jbb-qwen-ofa": {
          "n": 2000,
          "pearson": 0.3356023458128089,
          "spearman": 0.29861644563756595,
          "mae": 0.3562246488815165,
          "r2": -0.27715790292406184,
          "同题序关系准确率": 0.5855188081149619,
          "按问题宏平均序准确率": 0.5887853054740005
        }
      }
    },
    "alr": {
      "仅长度格式基线": {
        "合并": {
          "n": 2000,
          "pearson": 0.8380422478338725,
          "spearman": 0.6420420816500163,
          "mae": 0.1685929567486048,
          "r2": 0.6860304605110845,
          "同题序关系准确率": 0.8118583837852066,
          "按问题宏平均序准确率": 0.8325695048894078
        },
        "jbb-qwen-ofa": {
          "n": 2000,
          "pearson": 0.8380422478338725,
          "spearman": 0.6420420816500163,
          "mae": 0.1685929567486048,
          "r2": 0.6860304605110845,
          "同题序关系准确率": 0.8118583837852066,
          "按问题宏平均序准确率": 0.8325695048894078
        }
      },
      "仅response文本": {
        "合并": {
          "n": 2000,
          "pearson": 0.9276732051218934,
          "spearman": 0.6720374781253696,
          "mae": 0.08585682375785034,
          "r2": 0.8179288547159451,
          "同题序关系准确率": 0.8047951215232079,
          "按问题宏平均序准确率": 0.7829911623227205
        },
        "jbb-qwen-ofa": {
          "n": 2000,
          "pearson": 0.9276732051218934,
          "spearman": 0.6720374781253696,
          "mae": 0.08585682375785034,
          "r2": 0.8179288547159451,
          "同题序关系准确率": 0.8047951215232079,
          "按问题宏平均序准确率": 0.7829911623227205
        }
      },
      "长度格式基线_plus_文本残差": {
        "合并": {
          "n": 2000,
          "pearson": 0.9034298272992601,
          "spearman": 0.6622242441070891,
          "mae": 0.11707356796317946,
          "r2": 0.8158678042942005,
          "同题序关系准确率": 0.819075195226814,
          "按问题宏平均序准确率": 0.8200402054245102
        },
        "jbb-qwen-ofa": {
          "n": 2000,
          "pearson": 0.9034298272992601,
          "spearman": 0.6622242441070891,
          "mae": 0.11707356796317946,
          "r2": 0.8158678042942005,
          "同题序关系准确率": 0.819075195226814,
          "按问题宏平均序准确率": 0.8200402054245102
        }
      },
      "残差本身": {
        "合并": {
          "n": 2000,
          "pearson": 0.6535452353308084,
          "spearman": 0.6468274892582361,
          "mae": 0.11707356796317946,
          "r2": 0.4088016940368584,
          "同题序关系准确率": 0.6682640220018334,
          "按问题宏平均序准确率": 0.6681261263573035
        },
        "jbb-qwen-ofa": {
          "n": 2000,
          "pearson": 0.6535452353308084,
          "spearman": 0.6468274892582361,
          "mae": 0.11707356796317946,
          "r2": 0.4088016940368584,
          "同题序关系准确率": 0.6682640220018334,
          "按问题宏平均序准确率": 0.6681261263573035
        }
      }
    }
  }
}