{
  "说明": "基线先使用长度/拒绝/格式手工特征；文本模型只拟合训练残差。",
  "scores": "outputs/alternative_asr/all_14_datasets/alternative_asr_scores.jsonl",
  "sample_size": 1,
  "targets": [
    "asr",
    "hazard_weighted_asr",
    "alr"
  ],
  "text_cleaning": "mask_refusal_hazard_terms",
  "feature_set": "长度拒绝格式",
  "train_datasets": [
    "jbb-deepseek-ofa"
  ],
  "test_datasets": [
    "jbb-qwen-ofa"
  ],
  "train_records": 6000,
  "test_records": 2000,
  "results": {
    "asr": {
      "仅长度格式基线": {
        "合并": {
          "n": 2000,
          "pearson": 0.4174336180924131,
          "spearman": 0.3711212100853299,
          "mae": 0.4631758853346109,
          "r2": -1.039813519873472,
          "同题序关系准确率": 0.6080542395033491,
          "按问题宏平均序准确率": 0.6148937398892516
        },
        "jbb-qwen-ofa": {
          "n": 2000,
          "pearson": 0.4174336180924131,
          "spearman": 0.3711212100853299,
          "mae": 0.4631758853346109,
          "r2": -1.039813519873472,
          "同题序关系准确率": 0.6080542395033491,
          "按问题宏平均序准确率": 0.6148937398892516
        }
      },
      "仅response文本": {
        "合并": {
          "n": 2000,
          "pearson": 0.4736854148511732,
          "spearman": 0.49669499297143516,
          "mae": 0.41145488997995516,
          "r2": -0.4442411718388706,
          "同题序关系准确率": 0.5953602352556772,
          "按问题宏平均序准确率": 0.5941118871479227
        },
        "jbb-qwen-ofa": {
          "n": 2000,
          "pearson": 0.4736854148511732,
          "spearman": 0.49669499297143516,
          "mae": 0.41145488997995516,
          "r2": -0.4442411718388706,
          "同题序关系准确率": 0.5953602352556772,
          "按问题宏平均序准确率": 0.5941118871479227
        }
      },
      "长度格式基线_plus_文本残差": {
        "合并": {
          "n": 2000,
          "pearson": 0.4652661581816866,
          "spearman": 0.493390747974203,
          "mae": 0.44762470949189953,
          "r2": -0.9645359110671816,
          "同题序关系准确率": 0.6271360888743669,
          "按问题宏平均序准确率": 0.6375769750483163
        },
        "jbb-qwen-ofa": {
          "n": 2000,
          "pearson": 0.4652661581816866,
          "spearman": 0.493390747974203,
          "mae": 0.44762470949189953,
          "r2": -0.9645359110671816,
          "同题序关系准确率": 0.6271360888743669,
          "按问题宏平均序准确率": 0.6375769750483163
        }
      },
      "残差本身": {
        "合并": {
          "n": 2000,
          "pearson": 0.09057967267938623,
          "spearman": 0.16526913253140318,
          "mae": 0.44762470949189953,
          "r2": -0.9461264525855819,
          "同题序关系准确率": 0.5694193480213452,
          "按问题宏平均序准确率": 0.5621083511434405
        },
        "jbb-qwen-ofa": {
          "n": 2000,
          "pearson": 0.09057967267938623,
          "spearman": 0.16526913253140318,
          "mae": 0.44762470949189953,
          "r2": -0.9461264525855819,
          "同题序关系准确率": 0.5694193480213452,
          "按问题宏平均序准确率": 0.5621083511434405
        }
      }
    },
    "hazard_weighted_asr": {
      "仅长度格式基线": {
        "合并": {
          "n": 2000,
          "pearson": 0.35412450292201336,
          "spearman": 0.3662136081119252,
          "mae": 0.48476277901365883,
          "r2": -1.420175012199127,
          "同题序关系准确率": 0.5942646023926812,
          "按问题宏平均序准确率": 0.5997298420669906
        },
        "jbb-qwen-ofa": {
          "n": 2000,
          "pearson": 0.35412450292201336,
          "spearman": 0.3662136081119252,
          "mae": 0.48476277901365883,
          "r2": -1.420175012199127,
          "同题序关系准确率": 0.5942646023926812,
          "按问题宏平均序准确率": 0.5997298420669906
        }
      },
      "仅response文本": {
        "合并": {
          "n": 2000,
          "pearson": 0.483493893447258,
          "spearman": 0.5689497102575245,
          "mae": 0.41202272029094006,
          "r2": -0.5551085990454578,
          "同题序关系准确率": 0.604750175932442,
          "按问题宏平均序准确率": 0.6110703713238851
        },
        "jbb-qwen-ofa": {
          "n": 2000,
          "pearson": 0.483493893447258,
          "spearman": 0.5689497102575245,
          "mae": 0.41202272029094006,
          "r2": -0.5551085990454578,
          "同题序关系准确率": 0.604750175932442,
          "按问题宏平均序准确率": 0.6110703713238851
        }
      },
      "长度格式基线_plus_文本残差": {
        "合并": {
          "n": 2000,
          "pearson": 0.4502557702609848,
          "spearman": 0.5722720114597369,
          "mae": 0.4690947184526682,
          "r2": -1.255953099659198,
          "同题序关系准确率": 0.619064039408867,
          "按问题宏平均序准确率": 0.6312634802903535
        },
        "jbb-qwen-ofa": {
          "n": 2000,
          "pearson": 0.4502557702609848,
          "spearman": 0.5722720114597369,
          "mae": 0.4690947184526682,
          "r2": -1.255953099659198,
          "同题序关系准确率": 0.619064039408867,
          "按问题宏平均序准确率": 0.6312634802903535
        }
      },
      "残差本身": {
        "合并": {
          "n": 2000,
          "pearson": 0.23245890130095534,
          "spearman": 0.2486608043193832,
          "mae": 0.4690947184526683,
          "r2": -0.9440570824478169,
          "同题序关系准确率": 0.5739275147928994,
          "按问题宏平均序准确率": 0.5694901613036131
        },
        "jbb-qwen-ofa": {
          "n": 2000,
          "pearson": 0.23245890130095534,
          "spearman": 0.2486608043193832,
          "mae": 0.4690947184526683,
          "r2": -0.9440570824478169,
          "同题序关系准确率": 0.5739275147928994,
          "按问题宏平均序准确率": 0.5694901613036131
        }
      }
    },
    "alr": {
      "仅长度格式基线": {
        "合并": {
          "n": 2000,
          "pearson": 0.85111509968659,
          "spearman": 0.6416120402586484,
          "mae": 0.1697326797246933,
          "r2": 0.4197639846779202,
          "同题序关系准确率": 0.8123848381152935,
          "按问题宏平均序准确率": 0.8206744359993021
        },
        "jbb-qwen-ofa": {
          "n": 2000,
          "pearson": 0.85111509968659,
          "spearman": 0.6416120402586484,
          "mae": 0.1697326797246933,
          "r2": 0.4197639846779202,
          "同题序关系准确率": 0.8123848381152935,
          "按问题宏平均序准确率": 0.8206744359993021
        }
      },
      "仅response文本": {
        "合并": {
          "n": 2000,
          "pearson": 0.8831497112409479,
          "spearman": 0.6259506706793151,
          "mae": 0.14787850249980164,
          "r2": 0.49988637970467387,
          "同题序关系准确率": 0.7986531543388611,
          "按问题宏平均序准确率": 0.7772236396905485
        },
        "jbb-qwen-ofa": {
          "n": 2000,
          "pearson": 0.8831497112409479,
          "spearman": 0.6259506706793151,
          "mae": 0.14787850249980164,
          "r2": 0.49988637970467387,
          "同题序关系准确率": 0.7986531543388611,
          "按问题宏平均序准确率": 0.7772236396905485
        }
      },
      "长度格式基线_plus_文本残差": {
        "合并": {
          "n": 2000,
          "pearson": 0.8854094410635882,
          "spearman": 0.6466790552039998,
          "mae": 0.14160067724759007,
          "r2": 0.586375137040657,
          "同题序关系准确率": 0.8176274458190752,
          "按问题宏平均序准确率": 0.8109431577681713
        },
        "jbb-qwen-ofa": {
          "n": 2000,
          "pearson": 0.8854094410635882,
          "spearman": 0.6466790552039998,
          "mae": 0.14160067724759007,
          "r2": 0.586375137040657,
          "同题序关系准确率": 0.8176274458190752,
          "按问题宏平均序准确率": 0.8109431577681713
        }
      },
      "残差本身": {
        "合并": {
          "n": 2000,
          "pearson": 0.6142013517645508,
          "spearman": 0.6487850416915362,
          "mae": 0.14160067724759007,
          "r2": 0.12046731447826886,
          "同题序关系准确率": 0.7014334527877323,
          "按问题宏平均序准确率": 0.7007921099071155
        },
        "jbb-qwen-ofa": {
          "n": 2000,
          "pearson": 0.6142013517645508,
          "spearman": 0.6487850416915362,
          "mae": 0.14160067724759007,
          "r2": 0.12046731447826886,
          "同题序关系准确率": 0.7014334527877323,
          "按问题宏平均序准确率": 0.7007921099071155
        }
      }
    }
  }
}