{
  "说明": "基线先使用长度/拒绝/格式手工特征；文本模型只拟合训练残差。",
  "scores": "outputs/alternative_asr/all_14_datasets/alternative_asr_scores.jsonl",
  "sample_size": 1,
  "targets": [
    "asr",
    "hazard_weighted_asr",
    "alr"
  ],
  "text_cleaning": "mask_refusal_hazard_terms",
  "feature_set": "长度拒绝格式",
  "train_datasets": [
    "hb-llama-ofa"
  ],
  "test_datasets": [
    "hb-deepseek-ofa"
  ],
  "train_records": 1500,
  "test_records": 700,
  "results": {
    "asr": {
      "仅长度格式基线": {
        "合并": {
          "n": 700,
          "pearson": 0.44854809154005465,
          "spearman": 0.431978417699095,
          "mae": 0.3272582829850061,
          "r2": -1.0880267355799416,
          "同题序关系准确率": 0.6342383107088989,
          "按问题宏平均序准确率": 0.6128527141232765
        },
        "hb-deepseek-ofa": {
          "n": 700,
          "pearson": 0.44854809154005465,
          "spearman": 0.431978417699095,
          "mae": 0.3272582829850061,
          "r2": -1.0880267355799416,
          "同题序关系准确率": 0.6342383107088989,
          "按问题宏平均序准确率": 0.6128527141232765
        }
      },
      "仅response文本": {
        "合并": {
          "n": 700,
          "pearson": 0.5252185556470511,
          "spearman": 0.5137315584934031,
          "mae": 0.2277853064111306,
          "r2": 0.0201688309374648,
          "同题序关系准确率": 0.6160848954966602,
          "按问题宏平均序准确率": 0.6050742179468699
        },
        "hb-deepseek-ofa": {
          "n": 700,
          "pearson": 0.5252185556470511,
          "spearman": 0.5137315584934031,
          "mae": 0.2277853064111306,
          "r2": 0.0201688309374648,
          "同题序关系准确率": 0.6160848954966602,
          "按问题宏平均序准确率": 0.6050742179468699
        }
      },
      "长度格式基线_plus_文本残差": {
        "合并": {
          "n": 700,
          "pearson": 0.48312764920495876,
          "spearman": 0.47201163252343153,
          "mae": 0.309702741610881,
          "r2": -0.9189853523879785,
          "同题序关系准确率": 0.6366623572505925,
          "按问题宏平均序准确率": 0.6162255394887801
        },
        "hb-deepseek-ofa": {
          "n": 700,
          "pearson": 0.48312764920495876,
          "spearman": 0.47201163252343153,
          "mae": 0.309702741610881,
          "r2": -0.9189853523879785,
          "同题序关系准确率": 0.6366623572505925,
          "按问题宏平均序准确率": 0.6162255394887801
        }
      },
      "残差本身": {
        "合并": {
          "n": 700,
          "pearson": 0.18272985147632917,
          "spearman": 0.12313515508632232,
          "mae": 0.309702741610881,
          "r2": -1.1671874521093462,
          "同题序关系准确率": 0.5954112554112554,
          "按问题宏平均序准确率": 0.5954112554112554
        },
        "hb-deepseek-ofa": {
          "n": 700,
          "pearson": 0.18272985147632917,
          "spearman": 0.12313515508632232,
          "mae": 0.309702741610881,
          "r2": -1.1671874521093462,
          "同题序关系准确率": 0.5954112554112554,
          "按问题宏平均序准确率": 0.5954112554112554
        }
      }
    },
    "hazard_weighted_asr": {
      "仅长度格式基线": {
        "合并": {
          "n": 700,
          "pearson": 0.4924817653857798,
          "spearman": 0.49735125163224203,
          "mae": 0.39359122254768814,
          "r2": -1.0501665513482514,
          "同题序关系准确率": 0.6039736665746837,
          "按问题宏平均序准确率": 0.6043875481961835
        },
        "hb-deepseek-ofa": {
          "n": 700,
          "pearson": 0.4924817653857798,
          "spearman": 0.49735125163224203,
          "mae": 0.39359122254768814,
          "r2": -1.0501665513482514,
          "同题序关系准确率": 0.6039736665746837,
          "按问题宏平均序准确率": 0.6043875481961835
        }
      },
      "仅response文本": {
        "合并": {
          "n": 700,
          "pearson": 0.5813811222229607,
          "spearman": 0.6479896634818014,
          "mae": 0.31303961827483956,
          "r2": -0.19956920821212654,
          "同题序关系准确率": 0.6034611897346946,
          "按问题宏平均序准确率": 0.6258920131610067
        },
        "hb-deepseek-ofa": {
          "n": 700,
          "pearson": 0.5813811222229607,
          "spearman": 0.6479896634818014,
          "mae": 0.31303961827483956,
          "r2": -0.19956920821212654,
          "同题序关系准确率": 0.6034611897346946,
          "按问题宏平均序准确率": 0.6258920131610067
        }
      },
      "长度格式基线_plus_文本残差": {
        "合并": {
          "n": 700,
          "pearson": 0.5812590224098709,
          "spearman": 0.6138094517055022,
          "mae": 0.3658758772473688,
          "r2": -0.7760944184452425,
          "同题序关系准确率": 0.61335593487602,
          "按问题宏平均序准确率": 0.6228656511934867
        },
        "hb-deepseek-ofa": {
          "n": 700,
          "pearson": 0.5812590224098709,
          "spearman": 0.6138094517055022,
          "mae": 0.3658758772473688,
          "r2": -0.7760944184452425,
          "同题序关系准确率": 0.61335593487602,
          "按问题宏平均序准确率": 0.6228656511934867
        }
      },
      "残差本身": {
        "合并": {
          "n": 700,
          "pearson": 0.396400921901938,
          "spearman": 0.4282467981713082,
          "mae": 0.3658758772473688,
          "r2": -1.3444828169797578,
          "同题序关系准确率": 0.6006926406926407,
          "按问题宏平均序准确率": 0.6006926406926407
        },
        "hb-deepseek-ofa": {
          "n": 700,
          "pearson": 0.396400921901938,
          "spearman": 0.4282467981713082,
          "mae": 0.3658758772473688,
          "r2": -1.3444828169797578,
          "同题序关系准确率": 0.6006926406926407,
          "按问题宏平均序准确率": 0.6006926406926407
        }
      }
    },
    "alr": {
      "仅长度格式基线": {
        "合并": {
          "n": 700,
          "pearson": 0.02228532298234627,
          "spearman": 0.06350140414071226,
          "mae": 0.18587957870108743,
          "r2": -452.10751487089425,
          "同题序关系准确率": 0.5994865211810013,
          "按问题宏平均序准确率": 0.5940318207829405
        },
        "hb-deepseek-ofa": {
          "n": 700,
          "pearson": 0.02228532298234627,
          "spearman": 0.06350140414071226,
          "mae": 0.18587957870108743,
          "r2": -452.10751487089425,
          "同题序关系准确率": 0.5994865211810013,
          "按问题宏平均序准确率": 0.5940318207829405
        }
      },
      "仅response文本": {
        "合并": {
          "n": 700,
          "pearson": 0.03151861510854331,
          "spearman": 0.06881223822134426,
          "mae": 0.06491131343043648,
          "r2": -55.15654565563118,
          "同题序关系准确率": 0.3940949935815148,
          "按问题宏平均序准确率": 0.39022251062110075
        },
        "hb-deepseek-ofa": {
          "n": 700,
          "pearson": 0.03151861510854331,
          "spearman": 0.06881223822134426,
          "mae": 0.06491131343043648,
          "r2": -55.15654565563118,
          "同题序关系准确率": 0.3940949935815148,
          "按问题宏平均序准确率": 0.39022251062110075
        }
      },
      "长度格式基线_plus_文本残差": {
        "合并": {
          "n": 700,
          "pearson": 0.02354924890990398,
          "spearman": 0.06691755457518839,
          "mae": 0.18497350758893397,
          "r2": -456.94245705246334,
          "同题序关系准确率": 0.5802310654685494,
          "按问题宏平均序准确率": 0.5636076129808406
        },
        "hb-deepseek-ofa": {
          "n": 700,
          "pearson": 0.02354924890990398,
          "spearman": 0.06691755457518839,
          "mae": 0.18497350758893397,
          "r2": -456.94245705246334,
          "同题序关系准确率": 0.5802310654685494,
          "按问题宏平均序准确率": 0.5636076129808406
        }
      },
      "残差本身": {
        "合并": {
          "n": 700,
          "pearson": 0.17868156711386604,
          "spearman": 0.2015583588654554,
          "mae": 0.18497350758893397,
          "r2": -0.051328171786087395,
          "同题序关系准确率": 0.598008658008658,
          "按问题宏平均序准确率": 0.5980086580086581
        },
        "hb-deepseek-ofa": {
          "n": 700,
          "pearson": 0.17868156711386604,
          "spearman": 0.2015583588654554,
          "mae": 0.18497350758893397,
          "r2": -0.051328171786087395,
          "同题序关系准确率": 0.598008658008658,
          "按问题宏平均序准确率": 0.5980086580086581
        }
      }
    }
  }
}