{
  "说明": "基线先使用长度/拒绝/格式手工特征；文本模型只拟合训练残差。",
  "scores": "outputs/alternative_asr/all_14_datasets/alternative_asr_scores.jsonl",
  "sample_size": 1,
  "targets": [
    "asr",
    "hazard_weighted_asr",
    "alr"
  ],
  "text_cleaning": "mask_refusal_hazard_terms",
  "feature_set": "长度拒绝格式",
  "train_datasets": [
    "hb-qwen-ofa"
  ],
  "test_datasets": [
    "hb-4omini-ofa"
  ],
  "train_records": 1500,
  "test_records": 700,
  "results": {
    "asr": {
      "仅长度格式基线": {
        "合并": {
          "n": 700,
          "pearson": 0.9057381478928185,
          "spearman": 0.7859302360455473,
          "mae": 0.13181658502987453,
          "r2": 0.7811513453689521,
          "同题序关系准确率": 0.6591317230852115,
          "按问题宏平均序准确率": 0.6817844129810295
        },
        "hb-4omini-ofa": {
          "n": 700,
          "pearson": 0.9057381478928185,
          "spearman": 0.7859302360455473,
          "mae": 0.13181658502987453,
          "r2": 0.7811513453689521,
          "同题序关系准确率": 0.6591317230852115,
          "按问题宏平均序准确率": 0.6817844129810295
        }
      },
      "仅response文本": {
        "合并": {
          "n": 700,
          "pearson": 0.8067108602518935,
          "spearman": 0.6840543630796525,
          "mae": 0.19913195179676815,
          "r2": 0.5999889233745106,
          "同题序关系准确率": 0.6215542785310227,
          "按问题宏平均序准确率": 0.6404126744199594
        },
        "hb-4omini-ofa": {
          "n": 700,
          "pearson": 0.8067108602518935,
          "spearman": 0.6840543630796525,
          "mae": 0.19913195179676815,
          "r2": 0.5999889233745106,
          "同题序关系准确率": 0.6215542785310227,
          "按问题宏平均序准确率": 0.6404126744199594
        }
      },
      "长度格式基线_plus_文本残差": {
        "合并": {
          "n": 700,
          "pearson": 0.9095380282941349,
          "spearman": 0.7813683133195476,
          "mae": 0.13430330153178066,
          "r2": 0.7730605721164863,
          "同题序关系准确率": 0.6724656550237945,
          "按问题宏平均序准确率": 0.6899521430729871
        },
        "hb-4omini-ofa": {
          "n": 700,
          "pearson": 0.9095380282941349,
          "spearman": 0.7813683133195476,
          "mae": 0.13430330153178066,
          "r2": 0.7730605721164863,
          "同题序关系准确率": 0.6724656550237945,
          "按问题宏平均序准确率": 0.6899521430729871
        }
      },
      "残差本身": {
        "合并": {
          "n": 700,
          "pearson": -0.04617303310887635,
          "spearman": 0.024714038851258637,
          "mae": 0.13430330153178066,
          "r2": -0.06561736418196706,
          "同题序关系准确率": 0.6273422860712055,
          "按问题宏平均序准确率": 0.6382557353101207
        },
        "hb-4omini-ofa": {
          "n": 700,
          "pearson": -0.04617303310887635,
          "spearman": 0.024714038851258637,
          "mae": 0.13430330153178066,
          "r2": -0.06561736418196706,
          "同题序关系准确率": 0.6273422860712055,
          "按问题宏平均序准确率": 0.6382557353101207
        }
      }
    },
    "hazard_weighted_asr": {
      "仅长度格式基线": {
        "合并": {
          "n": 700,
          "pearson": 0.8020185603686725,
          "spearman": 0.7922859832490572,
          "mae": 0.1666939643682116,
          "r2": 0.6242329387887045,
          "同题序关系准确率": 0.631882576310793,
          "按问题宏平均序准确率": 0.6608267282182043
        },
        "hb-4omini-ofa": {
          "n": 700,
          "pearson": 0.8020185603686725,
          "spearman": 0.7922859832490572,
          "mae": 0.1666939643682116,
          "r2": 0.6242329387887045,
          "同题序关系准确率": 0.631882576310793,
          "按问题宏平均序准确率": 0.6608267282182043
        }
      },
      "仅response文本": {
        "合并": {
          "n": 700,
          "pearson": 0.7041413857036314,
          "spearman": 0.7600816226485229,
          "mae": 0.22586725321589093,
          "r2": 0.4108623831284489,
          "同题序关系准确率": 0.6623338688476705,
          "按问题宏平均序准确率": 0.6788638603603399
        },
        "hb-4omini-ofa": {
          "n": 700,
          "pearson": 0.7041413857036314,
          "spearman": 0.7600816226485229,
          "mae": 0.22586725321589093,
          "r2": 0.4108623831284489,
          "同题序关系准确率": 0.6623338688476705,
          "按问题宏平均序准确率": 0.6788638603603399
        }
      },
      "长度格式基线_plus_文本残差": {
        "合并": {
          "n": 700,
          "pearson": 0.809921280983539,
          "spearman": 0.7978393184731173,
          "mae": 0.16700147696487136,
          "r2": 0.6331264209994315,
          "同题序关系准确率": 0.651416678837447,
          "按问题宏平均序准确率": 0.6768855259674893
        },
        "hb-4omini-ofa": {
          "n": 700,
          "pearson": 0.809921280983539,
          "spearman": 0.7978393184731173,
          "mae": 0.16700147696487136,
          "r2": 0.6331264209994315,
          "同题序关系准确率": 0.651416678837447,
          "按问题宏平均序准确率": 0.6768855259674893
        }
      },
      "残差本身": {
        "合并": {
          "n": 700,
          "pearson": 0.14666152277102149,
          "spearman": 0.11045442746983462,
          "mae": 0.16700147696487136,
          "r2": 0.005161252249071824,
          "同题序关系准确率": 0.6534461759470348,
          "按问题宏平均序准确率": 0.6676864295698788
        },
        "hb-4omini-ofa": {
          "n": 700,
          "pearson": 0.14666152277102149,
          "spearman": 0.11045442746983462,
          "mae": 0.16700147696487136,
          "r2": 0.005161252249071824,
          "同题序关系准确率": 0.6534461759470348,
          "按问题宏平均序准确率": 0.6676864295698788
        }
      }
    },
    "alr": {
      "仅长度格式基线": {
        "合并": {
          "n": 700,
          "pearson": 0.8862554474350306,
          "spearman": 0.752524404538344,
          "mae": 0.11266435168470654,
          "r2": 0.4158704803897646,
          "同题序关系准确率": 0.8550514376154049,
          "按问题宏平均序准确率": 0.882067170534137
        },
        "hb-4omini-ofa": {
          "n": 700,
          "pearson": 0.8862554474350306,
          "spearman": 0.752524404538344,
          "mae": 0.11266435168470654,
          "r2": 0.4158704803897646,
          "同题序关系准确率": 0.8550514376154049,
          "按问题宏平均序准确率": 0.882067170534137
        }
      },
      "仅response文本": {
        "合并": {
          "n": 700,
          "pearson": 0.8502731554254078,
          "spearman": 0.7626917034073623,
          "mae": 0.14368274416933705,
          "r2": 0.6733898662221054,
          "同题序关系准确率": 0.8450936428383012,
          "按问题宏平均序准确率": 0.8575019006494804
        },
        "hb-4omini-ofa": {
          "n": 700,
          "pearson": 0.8502731554254078,
          "spearman": 0.7626917034073623,
          "mae": 0.14368274416933705,
          "r2": 0.6733898662221054,
          "同题序关系准确率": 0.8450936428383012,
          "按问题宏平均序准确率": 0.8575019006494804
        }
      },
      "长度格式基线_plus_文本残差": {
        "合并": {
          "n": 700,
          "pearson": 0.8866990689914875,
          "spearman": 0.7672669084353982,
          "mae": 0.11476308463796386,
          "r2": 0.4159730688475265,
          "同题序关系准确率": 0.8487206541809549,
          "按问题宏平均序准确率": 0.8784699985091072
        },
        "hb-4omini-ofa": {
          "n": 700,
          "pearson": 0.8866990689914875,
          "spearman": 0.7672669084353982,
          "mae": 0.11476308463796386,
          "r2": 0.4159730688475265,
          "同题序关系准确率": 0.8487206541809549,
          "按问题宏平均序准确率": 0.8784699985091072
        }
      },
      "残差本身": {
        "合并": {
          "n": 700,
          "pearson": 0.14786091518279337,
          "spearman": 0.14971123508853856,
          "mae": 0.11476308463796386,
          "r2": -0.06597333439485364,
          "同题序关系准确率": 0.5634110559665387,
          "按问题宏平均序准确率": 0.5827103631306016
        },
        "hb-4omini-ofa": {
          "n": 700,
          "pearson": 0.14786091518279337,
          "spearman": 0.14971123508853856,
          "mae": 0.11476308463796386,
          "r2": -0.06597333439485364,
          "同题序关系准确率": 0.5634110559665387,
          "按问题宏平均序准确率": 0.5827103631306016
        }
      }
    }
  }
}