{
  "说明": "基线先使用长度/拒绝/格式手工特征；文本模型只拟合训练残差。",
  "scores": "outputs/alternative_asr/all_14_datasets/alternative_asr_scores.jsonl",
  "sample_size": 1,
  "targets": [
    "asr",
    "hazard_weighted_asr",
    "alr"
  ],
  "text_cleaning": "mask_refusal_hazard_terms",
  "feature_set": "长度拒绝格式",
  "train_datasets": [
    "hb-qwen-ofa"
  ],
  "test_datasets": [
    "hb-deepseek-ofa"
  ],
  "train_records": 1500,
  "test_records": 700,
  "results": {
    "asr": {
      "仅长度格式基线": {
        "合并": {
          "n": 700,
          "pearson": 0.7762332102740054,
          "spearman": 0.4219869399952024,
          "mae": 0.2537442153011049,
          "r2": -0.1519729921261046,
          "同题序关系准确率": 0.613283775048481,
          "按问题宏平均序准确率": 0.6096455006291767
        },
        "hb-deepseek-ofa": {
          "n": 700,
          "pearson": 0.7762332102740054,
          "spearman": 0.4219869399952024,
          "mae": 0.2537442153011049,
          "r2": -0.1519729921261046,
          "同题序关系准确率": 0.613283775048481,
          "按问题宏平均序准确率": 0.6096455006291767
        }
      },
      "仅response文本": {
        "合并": {
          "n": 700,
          "pearson": 0.740679276797712,
          "spearman": 0.5497424204302896,
          "mae": 0.24388194149429182,
          "r2": -0.004638748992640496,
          "同题序关系准确率": 0.6227644904115492,
          "按问题宏平均序准确率": 0.5751189501091739
        },
        "hb-deepseek-ofa": {
          "n": 700,
          "pearson": 0.740679276797712,
          "spearman": 0.5497424204302896,
          "mae": 0.24388194149429182,
          "r2": -0.004638748992640496,
          "同题序关系准确率": 0.6227644904115492,
          "按问题宏平均序准确率": 0.5751189501091739
        }
      },
      "长度格式基线_plus_文本残差": {
        "合并": {
          "n": 700,
          "pearson": 0.7866860073124153,
          "spearman": 0.47299336942793546,
          "mae": 0.2462783372838594,
          "r2": -0.10813564293734212,
          "同题序关系准确率": 0.6214716655893127,
          "按问题宏平均序准确率": 0.6105390533259245
        },
        "hb-deepseek-ofa": {
          "n": 700,
          "pearson": 0.7866860073124153,
          "spearman": 0.47299336942793546,
          "mae": 0.2462783372838594,
          "r2": -0.10813564293734212,
          "同题序关系准确率": 0.6214716655893127,
          "按问题宏平均序准确率": 0.6105390533259245
        }
      },
      "残差本身": {
        "合并": {
          "n": 700,
          "pearson": 0.14847195063516733,
          "spearman": 0.10881741158072332,
          "mae": 0.24627833728385934,
          "r2": -1.7858880679095788,
          "同题序关系准确率": 0.5713997113997114,
          "按问题宏平均序准确率": 0.5713997113997114
        },
        "hb-deepseek-ofa": {
          "n": 700,
          "pearson": 0.14847195063516733,
          "spearman": 0.10881741158072332,
          "mae": 0.24627833728385934,
          "r2": -1.7858880679095788,
          "同题序关系准确率": 0.5713997113997114,
          "按问题宏平均序准确率": 0.5713997113997114
        }
      }
    },
    "hazard_weighted_asr": {
      "仅长度格式基线": {
        "合并": {
          "n": 700,
          "pearson": 0.6982659115817313,
          "spearman": 0.4683769775610277,
          "mae": 0.3283701654049478,
          "r2": -0.4503329612185063,
          "同题序关系准确率": 0.5976268380178973,
          "按问题宏平均序准确率": 0.5855800253908309
        },
        "hb-deepseek-ofa": {
          "n": 700,
          "pearson": 0.6982659115817313,
          "spearman": 0.4683769775610277,
          "mae": 0.3283701654049478,
          "r2": -0.4503329612185063,
          "同题序关系准确率": 0.5976268380178973,
          "按问题宏平均序准确率": 0.5855800253908309
        }
      },
      "仅response文本": {
        "合并": {
          "n": 700,
          "pearson": 0.7468454076355828,
          "spearman": 0.6857563456423201,
          "mae": 0.327453651990757,
          "r2": -0.33360679195060405,
          "同题序关系准确率": 0.6334607955217408,
          "按问题宏平均序准确率": 0.6525947946021535
        },
        "hb-deepseek-ofa": {
          "n": 700,
          "pearson": 0.7468454076355828,
          "spearman": 0.6857563456423201,
          "mae": 0.327453651990757,
          "r2": -0.33360679195060405,
          "同题序关系准确率": 0.6334607955217408,
          "按问题宏平均序准确率": 0.6525947946021535
        }
      },
      "长度格式基线_plus_文本残差": {
        "合并": {
          "n": 700,
          "pearson": 0.7394115155460316,
          "spearman": 0.5636556207430711,
          "mae": 0.3156896073383553,
          "r2": -0.3244736008409894,
          "同题序关系准确率": 0.6176134347774668,
          "按问题宏平均序准确率": 0.6082602233171059
        },
        "hb-deepseek-ofa": {
          "n": 700,
          "pearson": 0.7394115155460316,
          "spearman": 0.5636556207430711,
          "mae": 0.3156896073383553,
          "r2": -0.3244736008409894,
          "同题序关系准确率": 0.6176134347774668,
          "按问题宏平均序准确率": 0.6082602233171059
        }
      },
      "残差本身": {
        "合并": {
          "n": 700,
          "pearson": 0.48055197697412233,
          "spearman": 0.5276979282465009,
          "mae": 0.3156896073383553,
          "r2": -1.43246137360739,
          "同题序关系准确率": 0.5987878787878788,
          "按问题宏平均序准确率": 0.5987878787878788
        },
        "hb-deepseek-ofa": {
          "n": 700,
          "pearson": 0.48055197697412233,
          "spearman": 0.5276979282465009,
          "mae": 0.3156896073383553,
          "r2": -1.43246137360739,
          "同题序关系准确率": 0.5987878787878788,
          "按问题宏平均序准确率": 0.5987878787878788
        }
      }
    },
    "alr": {
      "仅长度格式基线": {
        "合并": {
          "n": 700,
          "pearson": -0.021845011545443393,
          "spearman": 0.0969993273920102,
          "mae": 0.08511542344093323,
          "r2": -270.90023426586833,
          "同题序关系准确率": 0.5892169448010269,
          "按问题宏平均序准确率": 0.6261840125831858
        },
        "hb-deepseek-ofa": {
          "n": 700,
          "pearson": -0.021845011545443393,
          "spearman": 0.0969993273920102,
          "mae": 0.08511542344093323,
          "r2": -270.90023426586833,
          "同题序关系准确率": 0.5892169448010269,
          "按问题宏平均序准确率": 0.6261840125831858
        }
      },
      "仅response文本": {
        "合并": {
          "n": 700,
          "pearson": 0.015773260593664767,
          "spearman": 0.07486884091632248,
          "mae": 0.07839122467998005,
          "r2": -78.17751610489242,
          "同题序关系准确率": 0.4865211810012837,
          "按问题宏平均序准确率": 0.3602866713406559
        },
        "hb-deepseek-ofa": {
          "n": 700,
          "pearson": 0.015773260593664767,
          "spearman": 0.07486884091632248,
          "mae": 0.07839122467998005,
          "r2": -78.17751610489242,
          "同题序关系准确率": 0.4865211810012837,
          "按问题宏平均序准确率": 0.3602866713406559
        }
      },
      "长度格式基线_plus_文本残差": {
        "合并": {
          "n": 700,
          "pearson": -0.022027732063846315,
          "spearman": 0.07703042022277883,
          "mae": 0.09528721115210556,
          "r2": -289.1334462134119,
          "同题序关系准确率": 0.38254172015404364,
          "按问题宏平均序准确率": 0.3875306390346276
        },
        "hb-deepseek-ofa": {
          "n": 700,
          "pearson": -0.022027732063846315,
          "spearman": 0.07703042022277883,
          "mae": 0.09528721115210556,
          "r2": -289.1334462134119,
          "同题序关系准确率": 0.38254172015404364,
          "按问题宏平均序准确率": 0.3875306390346276
        }
      },
      "残差本身": {
        "合并": {
          "n": 700,
          "pearson": -0.20565553991210136,
          "spearman": -0.30391877767680575,
          "mae": 0.09528721115210555,
          "r2": -0.23779225337148424,
          "同题序关系准确率": 0.5002597402597403,
          "按问题宏平均序准确率": 0.5002597402597403
        },
        "hb-deepseek-ofa": {
          "n": 700,
          "pearson": -0.20565553991210136,
          "spearman": -0.30391877767680575,
          "mae": 0.09528721115210555,
          "r2": -0.23779225337148424,
          "同题序关系准确率": 0.5002597402597403,