{
  "说明": "基线先使用长度/拒绝/格式手工特征；文本模型只拟合训练残差。",
  "scores": "outputs/alternative_asr/all_14_datasets/alternative_asr_scores.jsonl",
  "sample_size": 1,
  "targets": [
    "asr",
    "hazard_weighted_asr",
    "alr"
  ],
  "text_cleaning": "mask_refusal_hazard_terms",
  "feature_set": "长度拒绝格式",
  "train_datasets": [
    "hb-llama-ofa"
  ],
  "test_datasets": [
    "hb-qwen-ofa"
  ],
  "train_records": 1500,
  "test_records": 700,
  "results": {
    "asr": {
      "仅长度格式基线": {
        "合并": {
          "n": 700,
          "pearson": 0.6863533919822729,
          "spearman": 0.6943780476086656,
          "mae": 0.2962499895606722,
          "r2": 0.3741992794317405,
          "同题序关系准确率": 0.5896224322285816,
          "按问题宏平均序准确率": 0.6037129664927925
        },
        "hb-qwen-ofa": {
          "n": 700,
          "pearson": 0.6863533919822729,
          "spearman": 0.6943780476086656,
          "mae": 0.2962499895606722,
          "r2": 0.3741992794317405,
          "同题序关系准确率": 0.5896224322285816,
          "按问题宏平均序准确率": 0.6037129664927925
        }
      },
      "仅response文本": {
        "合并": {
          "n": 700,
          "pearson": 0.9049925451913295,
          "spearman": 0.8172320026565102,
          "mae": 0.22691652942075272,
          "r2": 0.621351536031173,
          "同题序关系准确率": 0.645126225653312,
          "按问题宏平均序准确率": 0.6549638169035134
        },
        "hb-qwen-ofa": {
          "n": 700,
          "pearson": 0.9049925451913295,
          "spearman": 0.8172320026565102,
          "mae": 0.22691652942075272,
          "r2": 0.621351536031173,
          "同题序关系准确率": 0.645126225653312,
          "按问题宏平均序准确率": 0.6549638169035134
        }
      },
      "长度格式基线_plus_文本残差": {
        "合并": {
          "n": 700,
          "pearson": 0.8156613688623457,
          "spearman": 0.7733700312921657,
          "mae": 0.2275209909670088,
          "r2": 0.6206134505121732,
          "同题序关系准确率": 0.6089223124362216,
          "按问题宏平均序准确率": 0.6240877027242487
        },
        "hb-qwen-ofa": {
          "n": 700,
          "pearson": 0.8156613688623457,
          "spearman": 0.7733700312921657,
          "mae": 0.2275209909670088,
          "r2": 0.6206134505121732,
          "同题序关系准确率": 0.6089223124362216,
          "按问题宏平均序准确率": 0.6240877027242487
        }
      },
      "残差本身": {
        "合并": {
          "n": 700,
          "pearson": 0.7647882749061807,
          "spearman": 0.7220293877832353,
          "mae": 0.22752099096700878,
          "r2": 0.3556683847685169,
          "同题序关系准确率": 0.64162316445713,
          "按问题宏平均序准确率": 0.689194987655285
        },
        "hb-qwen-ofa": {
          "n": 700,
          "pearson": 0.7647882749061807,
          "spearman": 0.7220293877832353,
          "mae": 0.22752099096700878,
          "r2": 0.3556683847685169,
          "同题序关系准确率": 0.64162316445713,
          "按问题宏平均序准确率": 0.689194987655285
        }
      }
    },
    "hazard_weighted_asr": {
      "仅长度格式基线": {
        "合并": {
          "n": 700,
          "pearson": 0.5951039923449004,
          "spearman": 0.6869183968698541,
          "mae": 0.26339293269689046,
          "r2": 0.31545786932307895,
          "同题序关系准确率": 0.5623019017432647,
          "按问题宏平均序准确率": 0.5833608811668949
        },
        "hb-qwen-ofa": {
          "n": 700,
          "pearson": 0.5951039923449004,
          "spearman": 0.6869183968698541,
          "mae": 0.26339293269689046,
          "r2": 0.31545786932307895,
          "同题序关系准确率": 0.5623019017432647,
          "按问题宏平均序准确率": 0.5833608811668949
        }
      },
      "仅response文本": {
        "合并": {
          "n": 700,
          "pearson": 0.8445900795691442,
          "spearman": 0.8585623666489556,
          "mae": 0.21585646851075613,
          "r2": 0.5464082919491146,
          "同题序关系准确率": 0.6405903328050713,
          "按问题宏平均序准确率": 0.6494974205746271
        },
        "hb-qwen-ofa": {
          "n": 700,
          "pearson": 0.8445900795691442,
          "spearman": 0.8585623666489556,
          "mae": 0.21585646851075613,
          "r2": 0.5464082919491146,
          "同题序关系准确率": 0.6405903328050713,
          "按问题宏平均序准确率": 0.6494974205746271
        }
      },
      "长度格式基线_plus_文本残差": {
        "合并": {
          "n": 700,
          "pearson": 0.7400231360162197,
          "spearman": 0.7952437543817262,
          "mae": 0.20646108147810513,
          "r2": 0.5332228222535035,
          "同题序关系准确率": 0.5771196513470681,
          "按问题宏平均序准确率": 0.5996338577673933
        },
        "hb-qwen-ofa": {
          "n": 700,
          "pearson": 0.7400231360162197,
          "spearman": 0.7952437543817262,
          "mae": 0.20646108147810513,
          "r2": 0.5332228222535035,
          "同题序关系准确率": 0.5771196513470681,
          "按问题宏平均序准确率": 0.5996338577673933
        }
      },
      "残差本身": {
        "合并": {
          "n": 700,
          "pearson": 0.6768245978933388,
          "spearman": 0.7062381889469577,
          "mae": 0.20646108147810513,
          "r2": 0.3033667638299865,
          "同题序关系准确率": 0.6498741973036914,
          "按问题宏平均序准确率": 0.6913271845576843
        },
        "hb-qwen-ofa": {
          "n": 700,
          "pearson": 0.6768245978933388,
          "spearman": 0.7062381889469577,
          "mae": 0.20646108147810513,
          "r2": 0.3033667638299865,
          "同题序关系准确率": 0.6498741973036914,
          "按问题宏平均序准确率": 0.6913271845576843
        }
      }
    },
    "alr": {
      "仅长度格式基线": {
        "合并": {
          "n": 700,
          "pearson": 0.8682770967763478,
          "spearman": 0.7942382419874385,
          "mae": 0.24507771401745934,
          "r2": 0.5638084537557237,
          "同题序关系准确率": 0.7732523316505518,
          "按问题宏平均序准确率": 0.7691028965776593
        },
        "hb-qwen-ofa": {
          "n": 700,
          "pearson": 0.8682770967763478,
          "spearman": 0.7942382419874385,
          "mae": 0.24507771401745934,
          "r2": 0.5638084537557237,
          "同题序关系准确率": 0.7732523316505518,
          "按问题宏平均序准确率": 0.7691028965776593
        }
      },
      "仅response文本": {
        "合并": {
          "n": 700,
          "pearson": 0.9639191563634522,
          "spearman": 0.8482774470985909,
          "mae": 0.17411915076235565,
          "r2": 0.6867120302619774,
          "同题序关系准确率": 0.8482074099426713,
          "按问题宏平均序准确率": 0.818500395873518
        },
        "hb-qwen-ofa": {
          "n": 700,
          "pearson": 0.9639191563634522,
          "spearman": 0.8482774470985909,
          "mae": 0.17411915076235565,
          "r2": 0.6867120302619774,
          "同题序关系准确率": 0.8482074099426713,
          "按问题宏平均序准确率": 0.818500395873518
        }
      },
      "长度格式基线_plus_文本残差": {
        "合并": {
          "n": 700,
          "pearson": 0.9065334914704287,
          "spearman": 0.8193782472103048,
          "mae": 0.19081453536121248,
          "r2": 0.7468943479180361,
          "同题序关系准确率": 0.8026867459570463,
          "按问题宏平均序准确率": 0.7843069249644866
        },
        "hb-qwen-ofa": {
          "n": 700,
          "pearson": 0.9065334914704287,
          "spearman": 0.8193782472103048,
          "mae": 0.19081453536121248,
          "r2": 0.7468943479180361,
          "同题序关系准确率": 0.8026867459570463,
          "按问题宏平均序准确率": 0.7843069249644866
        }
      },
      "残差本身": {
        "合并": {
          "n": 700,
          "pearson": 0.7185400343243276,
          "spearman": 0.7394658239373637,
          "mae": 0.19081453536121248,
          "r2": 0.11762876204670969,
          "同题序关系准确率": 0.654102396987472,
          "按问题宏平均序准确率": 0.6774473019780122
        },
        "hb-qwen-ofa": {
          "n": 700,
          "pearson": 0.7185400343243276,
          "spearman": 0.7394658239373637,
          "mae": 0.19081453536121248,
          "r2": 0.11762876204670969,
          "同题序关系准确率": 0.654102396987472,
          "按问题宏平均序准确率": 0.6774473019780122
        }
      }
    }
  }
}